"statistic, pvalue, row is better than column",best set: template_25,template_26,template_24,template_17,template_27,template_15,template_14,template_3,template_20,template_18,template_23,template_22,template_16,template_19,template_2,template_21,template_33,template_37,template_30,template_35,template_40,template_9,template_34,template_31,template_36,template_32,template_7,template_29,template_55,template_13,template_11,template_53,template_8,template_45,template_10,template_38,template_41,template_1,template_0,template_12,template_28,template_52,template_5,template_54,template_4,template_39,template_51,template_49,template_43,template_6,template_47,template_44,template_46,template_50,template_48,template_42,group
best set: template_25,None,"10.00, 0.83, True","10.00, 0.83, True","7.00, 0.63, True","0.00, 0.12, True","2.00, 0.29, True","8.00, 0.50, True","10.00, 0.54, True","8.00, 0.38, True","8.00, 0.38, True","2.00, 0.18, True","9.00, 0.40, True","10.00, 0.42, True","2.00, 0.11, True","11.00, 0.26, True","1.00, 0.04, True","5.00, 0.10, True","6.00, 0.12, True","8.00, 0.05, True","5.00, 0.03, True","10.00, 0.07, True","3.00, 0.01, True","9.00, 0.06, True","6.00, 0.03, True","9.00, 0.04, True","8.00, 0.04, True","3.00, 0.01, True","4.00, 0.01, True","6.00, 0.02, True","4.00, 0.01, True","2.00, 0.00, True","5.00, 0.01, True","6.00, 0.01, True","7.00, 0.01, True","7.00, 0.01, True","7.00, 0.01, True","3.00, 0.00, True","3.00, 0.00, True","7.00, 0.01, True","7.00, 0.01, True","5.00, 0.00, True","7.00, 0.01, True","4.00, 0.00, True","7.00, 0.01, True","7.00, 0.01, True","2.00, 0.00, True","5.00, 0.00, True","7.00, 0.01, True","6.00, 0.00, True","7.00, 0.01, True","6.00, 0.00, True","6.00, 0.00, True","7.00, 0.00, True","6.00, 0.00, True","5.00, 0.00, True","5.00, 0.00, True",A
template_26,"10.00, 0.83, False",None,"4.00, 1.00, None","16.00, 1.00, True","10.00, 0.83, True","12.00, 0.85, True","4.00, 0.75, True","15.00, 0.86, True","3.00, 0.51, True","2.00, 0.45, True","10.00, 0.68, True","3.00, 0.51, True","7.00, 0.63, True","10.00, 0.54, True","11.00, 0.44, True","11.00, 0.44, True","10.00, 0.33, True","11.00, 0.34, True","7.00, 0.09, True","10.00, 0.14, True","8.00, 0.11, True","8.00, 0.11, True","10.00, 0.14, True","10.00, 0.14, True","9.00, 0.09, True","9.00, 0.09, True","9.00, 0.09, True","9.00, 0.09, True","10.00, 0.10, True","7.00, 0.06, True","7.00, 0.04, True","11.00, 0.08, True","5.00, 0.03, True","12.00, 0.07, True","5.00, 0.02, True","5.00, 0.02, True","9.00, 0.04, True","8.00, 0.04, True","6.00, 0.02, True","5.00, 0.02, True","5.00, 0.01, True","8.00, 0.02, True","8.00, 0.02, True","8.00, 0.02, True","6.00, 0.01, True","8.00, 0.02, True","11.00, 0.04, True","13.00, 0.04, True","11.00, 0.03, True","6.00, 0.01, True","11.00, 0.01, True","8.00, 0.01, True","8.00, 0.00, True","7.00, 0.00, True","8.00, 0.00, True","7.00, 0.00, True",A
template_24,"10.00, 0.83, False","4.00, 1.00, True",None,"16.00, 1.00, True","11.00, 0.84, True","12.00, 0.85, True","2.00, 0.69, True","16.00, 0.86, True","2.00, 0.45, True","4.00, 0.55, True","11.00, 0.69, True","1.00, 0.38, True","4.00, 0.55, True","12.00, 0.57, True","12.00, 0.46, True","13.00, 0.47, True","11.00, 0.34, True","12.00, 0.36, True","7.00, 0.09, True","11.00, 0.15, True","8.00, 0.11, True","9.00, 0.12, True","11.00, 0.15, True","11.00, 0.15, True","9.00, 0.09, True","10.00, 0.10, True","10.00, 0.10, True","10.00, 0.10, True","10.00, 0.10, True","9.00, 0.09, True","8.00, 0.05, True","10.00, 0.07, True","6.00, 0.03, True","12.00, 0.07, True","6.00, 0.02, True","6.00, 0.02, True","10.00, 0.05, True","9.00, 0.04, True","7.00, 0.03, True","6.00, 0.02, True","6.00, 0.01, True","9.00, 0.03, True","9.00, 0.03, True","9.00, 0.03, True","7.00, 0.02, True","9.00, 0.03, True","10.00, 0.04, True","11.00, 0.03, True","10.00, 0.02, True","7.00, 0.01, True","10.00, 0.01, True","9.00, 0.01, True","9.00, 0.01, True","7.00, 0.00, True","8.00, 0.00, True","8.00, 0.00, True",A
template_17,"7.00, 0.63, False","16.00, 1.00, False","16.00, 1.00, False",None,"9.00, 1.00, True","9.00, 1.00, True","14.00, 1.00, True","8.00, 1.00, True","14.00, 0.86, True","14.00, 0.86, True","7.00, 0.80, True","14.00, 0.86, True","13.00, 0.85, True","9.00, 0.66, True","10.00, 0.54, True","9.00, 0.52, True","10.00, 0.42, True","7.00, 0.36, True","9.00, 0.17, True","8.00, 0.15, True","9.00, 0.17, True","7.00, 0.13, True","8.00, 0.15, True","7.00, 0.13, True","7.00, 0.09, True","8.00, 0.11, True","7.00, 0.09, True","5.00, 0.06, True","10.00, 0.14, True","8.00, 0.11, True","6.00, 0.05, True","10.00, 0.10, True","8.00, 0.08, True","6.00, 0.03, True","9.00, 0.06, True","6.00, 0.03, True","7.00, 0.04, True","6.00, 0.03, True","8.00, 0.05, True","8.00, 0.05, True","6.00, 0.02, True","10.00, 0.05, True","6.00, 0.02, True","10.00, 0.05, True","7.00, 0.03, True","5.00, 0.02, True","9.00, 0.04, True","10.00, 0.04, True","7.00, 0.02, True","7.00, 0.02, True","8.00, 0.01, True","6.00, 0.01, True","6.00, 0.00, True","8.00, 0.01, True","6.00, 0.00, True","5.00, 0.00, True",A
template_27,"0.00, 0.12, False","10.00, 0.83, False","11.00, 0.84, False","9.00, 1.00, False",None,"5.00, 1.00, None","10.00, 1.00, None","12.00, 1.00, None","11.00, 1.00, True","10.00, 1.00, True","5.00, 1.00, True","11.00, 1.00, True","13.00, 1.00, True","4.00, 0.75, True","13.00, 0.71, True","2.00, 0.45, True","7.00, 0.48, True","8.00, 0.50, True","10.00, 0.25, True","7.00, 0.19, True","12.00, 0.28, True","5.00, 0.14, True","11.00, 0.26, True","8.00, 0.21, True","11.00, 0.20, True","10.00, 0.18, True","5.00, 0.10, True","6.00, 0.12, True","8.00, 0.15, True","5.00, 0.10, True","3.00, 0.04, True","7.00, 0.09, True","7.00, 0.09, True","10.00, 0.10, True","8.00, 0.08, True","9.00, 0.09, True","4.00, 0.03, True","4.00, 0.03, True","9.00, 0.09, True","9.00, 0.09, True","7.00, 0.04, True","8.00, 0.05, True","5.00, 0.03, True","8.00, 0.05, True","9.00, 0.06, True","4.00, 0.02, True","7.00, 0.04, True","10.00, 0.05, True","8.00, 0.04, True","9.00, 0.04, True","8.00, 0.02, True","7.00, 0.01, True","8.00, 0.01, True","7.00, 0.01, True","6.00, 0.00, True","6.00, 0.00, True",A
template_15,"2.00, 0.29, False","12.00, 0.85, False","12.00, 0.85, False","9.00, 1.00, False","5.00, 1.00, True",None,"10.00, 1.00, None","11.00, 1.00, None","11.00, 1.00, True","12.00, 1.00, True","4.00, 1.00, True","11.00, 1.00, True","14.00, 1.00, True","4.00, 0.75, True","12.00, 0.70, True","3.00, 0.51, True","6.00, 0.45, True","7.00, 0.48, True","9.00, 0.23, True","6.00, 0.17, True","10.00, 0.25, True","3.00, 0.09, True","9.00, 0.23, True","8.00, 0.21, True","8.00, 0.15, True","8.00, 0.15, True","3.00, 0.06, True","5.00, 0.10, True","6.00, 0.12, True","4.00, 0.08, True","2.00, 0.02, True","5.00, 0.06, True","7.00, 0.09, True","8.00, 0.08, True","9.00, 0.09, True","8.00, 0.08, True","3.00, 0.02, True","3.00, 0.02, True","9.00, 0.09, True","8.00, 0.08, True","6.00, 0.03, True","7.00, 0.04, True","4.00, 0.02, True","7.00, 0.04, True","7.00, 0.04, True","2.00, 0.01, True","5.00, 0.03, True","8.00, 0.04, True","6.00, 0.02, True","7.00, 0.03, True","6.00, 0.01, True","7.00, 0.01, True","7.00, 0.01, True","5.00, 0.00, True","4.00, 0.00, True","5.00, 0.00, True",A
template_14,"8.00, 0.50, False","4.00, 0.75, False","2.00, 0.69, False","14.00, 1.00, False","10.00, 1.00, True","10.00, 1.00, True",None,"14.00, 1.00, None","3.00, 1.00, True","5.00, 1.00, True","10.00, 1.00, True","1.00, 1.00, True","5.00, 1.00, True","11.00, 0.84, True","11.00, 0.69, True","11.00, 0.69, True","10.00, 0.54, True","11.00, 0.56, True","7.00, 0.19, True","10.00, 0.25, True","10.00, 0.25, True","8.00, 0.21, True","11.00, 0.26, True","10.00, 0.25, True","9.00, 0.17, True","10.00, 0.18, True","9.00, 0.17, True","9.00, 0.17, True","9.00, 0.17, True","8.00, 0.15, True","7.00, 0.09, True","9.00, 0.12, True","7.00, 0.09, True","11.00, 0.11, True","7.00, 0.06, True","7.00, 0.06, True","9.00, 0.09, True","8.00, 0.08, True","7.00, 0.06, True","6.00, 0.05, True","6.00, 0.03, True","10.00, 0.07, True","8.00, 0.05, True","10.00, 0.07, True","7.00, 0.04, True","8.00, 0.05, True","9.00, 0.06, True","11.00, 0.06, True","9.00, 0.04, True","8.00, 0.04, True","9.00, 0.02, True","9.00, 0.02, True","10.00, 0.02, True","8.00, 0.01, True","9.00, 0.01, True","8.00, 0.00, True",A
template_3,"10.00, 0.54, False","15.00, 0.86, False","16.00, 0.86, False","8.00, 1.00, False","12.00, 1.00, True","11.00, 1.00, True","14.00, 1.00, True",None,"14.00, 1.00, True","15.00, 1.00, True","9.00, 1.00, True","14.00, 1.00, True","16.00, 1.00, True","11.00, 0.84, True","8.00, 0.65, True","10.00, 0.68, True","6.00, 0.45, True","3.00, 0.34, True","7.00, 0.19, True","4.00, 0.12, True","8.00, 0.21, True","4.00, 0.12, True","5.00, 0.14, True","4.00, 0.12, True","6.00, 0.12, True","5.00, 0.10, True","3.00, 0.06, True","3.00, 0.06, True","9.00, 0.17, True","3.00, 0.06, True","3.00, 0.04, True","9.00, 0.12, True","7.00, 0.09, True","5.00, 0.04, True","7.00, 0.06, True","5.00, 0.04, True","4.00, 0.03, True","3.00, 0.02, True","6.00, 0.05, True","6.00, 0.05, True","6.00, 0.03, True","10.00, 0.07, True","2.00, 0.01, True","10.00, 0.07, True","4.00, 0.02, True","2.00, 0.01, True","8.00, 0.05, True","10.00, 0.05, True","8.00, 0.04, True","4.00, 0.01, True","8.00, 0.02, True","6.00, 0.01, True","6.00, 0.01, True","7.00, 0.01, True","6.00, 0.00, True","5.00, 0.00, True",A
template_20,"8.00, 0.38, False","3.00, 0.51, False","2.00, 0.45, False","14.00, 0.86, False","11.00, 1.00, False","11.00, 1.00, False","3.00, 1.00, False","14.00, 1.00, False",None,"3.00, 1.00, None","11.00, 1.00, None","2.00, 1.00, None","6.00, 1.00, None","12.00, 1.00, True","11.00, 0.84, True","12.00, 0.85, True","11.00, 0.69, True","11.00, 0.69, True","7.00, 0.26, True","10.00, 0.33, True","9.00, 0.31, True","9.00, 0.31, True","10.00, 0.33, True","11.00, 0.34, True","8.00, 0.21, True","9.00, 0.23, True","9.00, 0.23, True","10.00, 0.25, True","11.00, 0.26, True","9.00, 0.23, True","8.00, 0.15, True","11.00, 0.20, True","5.00, 0.10, True","12.00, 0.16, True","6.00, 0.08, True","5.00, 0.06, True","10.00, 0.14, True","8.00, 0.11, True","6.00, 0.08, True","6.00, 0.08, True","6.00, 0.05, True","10.00, 0.10, True","8.00, 0.08, True","10.00, 0.10, True","6.00, 0.05, True","8.00, 0.08, True","11.00, 0.11, True","11.00, 0.08, True","11.00, 0.08, True","6.00, 0.03, True","11.00, 0.04, True","9.00, 0.03, True","9.00, 0.02, True","8.00, 0.02, True","8.00, 0.01, True","8.00, 0.01, True",A
template_18,"8.00, 0.38, False","2.00, 0.45, False","4.00, 0.55, False","14.00, 0.86, False","10.00, 1.00, False","12.00, 1.00, False","5.00, 1.00, False","15.00, 1.00, False","3.00, 1.00, True",None,"12.00, 1.00, None","4.00, 1.00, None","7.00, 1.00, None","12.00, 1.00, True","11.00, 0.84, True","12.00, 0.85, True","11.00, 0.69, True","12.00, 0.70, True","9.00, 0.31, True","10.00, 0.33, True","10.00, 0.33, True","10.00, 0.33, True","11.00, 0.34, True","11.00, 0.34, True","9.00, 0.23, True","10.00, 0.25, True","10.00, 0.25, True","10.00, 0.25, True","13.00, 0.30, True","10.00, 0.25, True","9.00, 0.17, True","13.00, 0.23, True","6.00, 0.12, True","13.00, 0.18, True","7.00, 0.09, True","6.00, 0.08, True","10.00, 0.14, True","9.00, 0.12, True","7.00, 0.09, True","7.00, 0.09, True","7.00, 0.06, True","11.00, 0.11, True","9.00, 0.09, True","11.00, 0.11, True","7.00, 0.06, True","8.00, 0.08, True","13.00, 0.13, True","14.00, 0.11, True","13.00, 0.10, True","7.00, 0.04, True","13.00, 0.05, True","9.00, 0.03, True","9.00, 0.02, True","9.00, 0.02, True","9.00, 0.01, True","8.00, 0.01, True",A
template_23,"2.00, 0.18, False","10.00, 0.68, False","11.00, 0.69, False","7.00, 0.80, False","5.00, 1.00, False","4.00, 1.00, False","10.00, 1.00, False","9.00, 1.00, False","11.00, 1.00, True","12.00, 1.00, True",None,"12.00, 1.00, None","14.00, 1.00, None","4.00, 1.00, True","12.00, 0.85, True","4.00, 0.75, True","5.00, 0.58, True","5.00, 0.58, True","9.00, 0.31, True","4.00, 0.18, True","9.00, 0.31, True","2.00, 0.11, True","8.00, 0.29, True","6.00, 0.24, True","8.00, 0.21, True","7.00, 0.19, True","3.00, 0.09, True","3.00, 0.09, True","5.00, 0.14, True","3.00, 0.09, True","1.00, 0.02, True","5.00, 0.10, True","5.00, 0.10, True","6.00, 0.08, True","7.00, 0.09, True","6.00, 0.08, True","2.00, 0.02, True","3.00, 0.04, True","7.00, 0.09, True","6.00, 0.08, True","4.00, 0.03, True","7.00, 0.06, True","3.00, 0.02, True","7.00, 0.06, True","6.00, 0.05, True","1.00, 0.01, True","5.00, 0.04, True","8.00, 0.05, True","5.00, 0.03, True","6.00, 0.03, True","5.00, 0.01, True","8.00, 0.02, True","7.00, 0.01, True","6.00, 0.01, True","5.00, 0.00, True","5.00, 0.00, True",A
template_22,"9.00, 0.40, False","3.00, 0.51, False","1.00, 0.38, False","14.00, 0.86, False","11.00, 1.00, False","11.00, 1.00, False","1.00, 1.00, False","14.00, 1.00, False","2.00, 1.00, True","4.00, 1.00, True","12.00, 1.00, True",None,"5.00, 1.00, None","13.00, 1.00, True","11.00, 0.84, True","13.00, 0.85, True","12.00, 0.70, True","12.00, 0.70, True","7.00, 0.26, True","11.00, 0.34, True","10.00, 0.33, True","10.00, 0.33, True","11.00, 0.34, True","11.00, 0.34, True","9.00, 0.23, True","10.00, 0.25, True","10.00, 0.25, True","11.00, 0.26, True","11.00, 0.26, True","10.00, 0.25, True","9.00, 0.17, True","11.00, 0.20, True","6.00, 0.12, True","12.00, 0.16, True","7.00, 0.09, True","6.00, 0.08, True","11.00, 0.15, True","9.00, 0.12, True","7.00, 0.09, True","7.00, 0.09, True","7.00, 0.06, True","11.00, 0.11, True","9.00, 0.09, True","11.00, 0.11, True","7.00, 0.06, True","9.00, 0.09, True","11.00, 0.11, True","12.00, 0.09, True","11.00, 0.08, True","7.00, 0.04, True","11.00, 0.04, True","9.00, 0.03, True","10.00, 0.02, True","9.00, 0.02, True","9.00, 0.01, True","9.00, 0.01, True",A
template_16,"10.00, 0.42, False","7.00, 0.63, False","4.00, 0.55, False","13.00, 0.85, False","13.00, 1.00, False","14.00, 1.00, False","5.00, 1.00, False","16.00, 1.00, False","6.00, 1.00, True","7.00, 1.00, True","14.00, 1.00, True","5.00, 1.00, True",None,"15.00, 1.00, True","12.00, 0.85, True","15.00, 0.86, True","14.00, 0.72, True","14.00, 0.72, True","10.00, 0.33, True","13.00, 0.38, True","12.00, 0.36, True","12.00, 0.36, True","13.00, 0.38, True","12.00, 0.36, True","11.00, 0.26, True","12.00, 0.28, True","12.00, 0.28, True","12.00, 0.28, True","13.00, 0.30, True","12.00, 0.28, True","11.00, 0.20, True","13.00, 0.23, True","10.00, 0.18, True","12.00, 0.16, True","10.00, 0.14, True","8.00, 0.11, True","13.00, 0.18, True","10.00, 0.14, True","10.00, 0.14, True","9.00, 0.12, True","9.00, 0.09, True","14.00, 0.14, True","10.00, 0.10, True","14.00, 0.14, True","9.00, 0.09, True","11.00, 0.11, True","13.00, 0.13, True","13.00, 0.10, True","12.00, 0.09, True","10.00, 0.07, True","13.00, 0.05, True","9.00, 0.03, True","12.00, 0.03, True","12.00, 0.03, True","11.00, 0.01, True","11.00, 0.01, True",A
template_19,"2.00, 0.11, False","10.00, 0.54, False","12.00, 0.57, False","9.00, 0.66, False","4.00, 0.75, False","4.00, 0.75, False","11.00, 0.84, False","11.00, 0.84, False","12.00, 1.00, False","12.00, 1.00, False","4.00, 1.00, False","13.00, 1.00, False","15.00, 1.00, False",None,"13.00, 1.00, True","2.00, 1.00, True","7.00, 0.80, True","8.00, 0.81, True","10.00, 0.42, True","7.00, 0.36, True","12.00, 0.46, True","5.00, 0.30, True","10.00, 0.42, True","9.00, 0.40, True","10.00, 0.33, True","9.00, 0.31, True","5.00, 0.21, True","6.00, 0.24, True","9.00, 0.31, True","6.00, 0.24, True","4.00, 0.12, True","8.00, 0.21, True","8.00, 0.21, True","8.00, 0.15, True","10.00, 0.18, True","9.00, 0.17, True","4.00, 0.08, True","5.00, 0.10, True","10.00, 0.18, True","9.00, 0.17, True","6.00, 0.08, True","10.00, 0.14, True","4.00, 0.05, True","10.00, 0.14, True","8.00, 0.11, True","4.00, 0.05, True","8.00, 0.11, True","8.00, 0.08, True","9.00, 0.09, True","8.00, 0.08, True","6.00, 0.02, True","8.00, 0.04, True","8.00, 0.02, True","7.00, 0.02, True","6.00, 0.01, True","6.00, 0.01, True",A
template_2,"11.00, 0.26, False","11.00, 0.44, False","12.00, 0.46, False","10.00, 0.54, False","13.00, 0.71, False","12.00, 0.70, False","11.00, 0.69, False","8.00, 0.65, False","11.00, 0.84, False","11.00, 0.84, False","12.00, 0.85, False","11.00, 0.84, False","12.00, 0.85, False","13.00, 1.00, False",None,"14.00, 1.00, None","11.00, 1.00, True","9.00, 1.00, True","5.00, 0.42, True","10.00, 0.54, True","9.00, 0.52, True","9.00, 0.52, True","7.00, 0.48, True","9.00, 0.52, True","5.00, 0.30, True","7.00, 0.36, True","7.00, 0.36, True","8.00, 0.38, True","13.00, 0.47, True","8.00, 0.38, True","8.00, 0.29, True","11.00, 0.34, True","5.00, 0.21, True","9.00, 0.23, True","5.00, 0.14, True","7.00, 0.19, True","10.00, 0.25, True","7.00, 0.19, True","4.00, 0.12, True","3.00, 0.09, True","4.00, 0.08, True","10.00, 0.18, True","6.00, 0.12, True","10.00, 0.18, True","2.00, 0.04, True","8.00, 0.15, True","10.00, 0.18, True","10.00, 0.14, True","8.00, 0.11, True","3.00, 0.04, True","9.00, 0.06, True","5.00, 0.03, True","6.00, 0.02, True","7.00, 0.03, True","7.00, 0.01, True","5.00, 0.01, True",A
template_21,"1.00, 0.04, False","11.00, 0.44, False","13.00, 0.47, False","9.00, 0.52, False","2.00, 0.45, False","3.00, 0.51, False","11.00, 0.69, False","10.00, 0.68, False","12.00, 0.85, False","12.00, 0.85, False","4.00, 0.75, False","13.00, 0.85, False","15.00, 0.86, False","2.00, 1.00, False","14.00, 1.00, True",None,"8.00, 1.00, True","9.00, 1.00, True","11.00, 0.56, True","8.00, 0.50, True","14.00, 0.60, True","5.00, 0.42, True","12.00, 0.57, True","10.00, 0.54, True","11.00, 0.44, True","11.00, 0.44, True","5.00, 0.30, True","7.00, 0.36, True","9.00, 0.40, True","6.00, 0.33, True","4.00, 0.18, True","8.00, 0.29, True","8.00, 0.29, True","9.00, 0.23, True","10.00, 0.25, True","11.00, 0.26, True","5.00, 0.14, True","5.00, 0.14, True","11.00, 0.26, True","10.00, 0.25, True","9.00, 0.17, True","10.00, 0.18, True","5.00, 0.10, True","10.00, 0.18, True","9.00, 0.17, True","5.00, 0.10, True","8.00, 0.15, True","10.00, 0.14, True","8.00, 0.11, True","9.00, 0.12, True","8.00, 0.05, True","8.00, 0.05, True","9.00, 0.04, True","8.00, 0.04, True","7.00, 0.01, True","7.00, 0.01, True",B
template_33,"5.00, 0.10, False","10.00, 0.33, False","11.00, 0.34, False","10.00, 0.42, False","7.00, 0.48, False","6.00, 0.45, False","10.00, 0.54, False","6.00, 0.45, False","11.00, 0.69, False","11.00, 0.69, False","5.00, 0.58, False","12.00, 0.70, False","14.00, 0.72, False","7.00, 0.80, False","11.00, 1.00, False","8.00, 1.00, False",None,"4.00, 1.00, None","8.00, 0.65, True","1.00, 0.38, True","8.00, 0.65, True","2.00, 0.45, True","7.00, 0.63, True","4.00, 0.55, True","8.00, 0.50, True","5.00, 0.42, True","2.00, 0.29, True","2.00, 0.29, True","8.00, 0.50, True","2.00, 0.29, True","1.00, 0.12, True","7.00, 0.36, True","6.00, 0.33, True","8.00, 0.29, True","7.00, 0.26, True","6.00, 0.24, True","1.00, 0.07, True","1.00, 0.07, True","7.00, 0.26, True","6.00, 0.24, True","5.00, 0.14, True","10.00, 0.25, True","2.00, 0.07, True","11.00, 0.26, True","5.00, 0.14, True","0.00, 0.02, True","7.00, 0.19, True","10.00, 0.18, True","7.00, 0.13, True","5.00, 0.10, True","9.00, 0.09, True","9.00, 0.09, True","8.00, 0.05, True","8.00, 0.05, True","8.00, 0.02, True","6.00, 0.01, True",A
template_37,"6.00, 0.12, False","11.00, 0.34, False","12.00, 0.36, False","7.00, 0.36, False","8.00, 0.50, False","7.00, 0.48, False","11.00, 0.56, False","3.00, 0.34, False","11.00, 0.69, False","12.00, 0.70, False","5.00, 0.58, False","12.00, 0.70, False","14.00, 0.72, False","8.00, 0.81, False","9.00, 1.00, False","9.00, 1.00, False","4.00, 1.00, True",None,"6.00, 0.61, True","1.00, 0.38, True","7.00, 0.63, True","2.00, 0.45, True","3.00, 0.51, True","4.00, 0.55, True","4.00, 0.39, True","4.00, 0.39, True","2.00, 0.29, True","1.00, 0.22, True","9.00, 0.52, True","2.00, 0.29, True","1.00, 0.12, True","9.00, 0.40, True","5.00, 0.30, True","7.00, 0.26, True","7.00, 0.26, True","4.00, 0.18, True","1.00, 0.07, True","1.00, 0.07, True","5.00, 0.21, True","5.00, 0.21, True","4.00, 0.12, True","9.00, 0.23, True","1.00, 0.04, True","10.00, 0.25, True","3.00, 0.09, True","0.00, 0.02, True","9.00, 0.23, True","11.00, 0.20, True","8.00, 0.15, True","3.00, 0.06, True","9.00, 0.09, True","7.00, 0.06, True","6.00, 0.03, True","7.00, 0.04, True","6.00, 0.01, True","4.00, 0.01, True",A
template_30,"8.00, 0.05, False","7.00, 0.09, False","7.00, 0.09, False","9.00, 0.17, False","10.00, 0.25, False","9.00, 0.23, False","7.00, 0.19, False","7.00, 0.19, False","7.00, 0.26, False","9.00, 0.31, False","9.00, 0.31, False","7.00, 0.26, False","10.00, 0.33, False","10.00, 0.42, False","5.00, 0.42, False","11.00, 0.56, False","8.00, 0.65, False","6.00, 0.61, False",None,"9.00, 1.00, None","8.00, 1.00, None","9.00, 1.00, None","7.00, 1.00, None","7.00, 1.00, None","4.00, 1.00, True","6.00, 1.00, True","9.00, 1.00, True","8.00, 1.00, True","14.00, 1.00, True","9.00, 1.00, True","8.00, 0.81, True","13.00, 0.85, True","7.00, 0.80, True","10.00, 0.68, True","8.00, 0.65, True","8.00, 0.65, True","10.00, 0.68, True","8.00, 0.65, True","7.00, 0.63, True","7.00, 0.63, True","5.00, 0.42, True","10.00, 0.54, True","8.00, 0.50, True","11.00, 0.56, True","5.00, 0.42, True","8.00, 0.50, True","13.00, 0.58, True","14.00, 0.49, True","10.00, 0.42, True","5.00, 0.30, True","12.00, 0.28, True","6.00, 0.17, True","7.00, 0.13, True","7.00, 0.13, True","7.00, 0.06, True","6.00, 0.05, True",B
template_35,"5.00, 0.03, False","10.00, 0.14, False","11.00, 0.15, False","8.00, 0.15, False","7.00, 0.19, False","6.00, 0.17, False","10.00, 0.25, False","4.00, 0.12, False","10.00, 0.33, False","10.00, 0.33, False","4.00, 0.18, False","11.00, 0.34, False","13.00, 0.38, False","7.00, 0.36, False","10.00, 0.54, False","8.00, 0.50, False","1.00, 0.38, False","1.00, 0.38, False","9.00, 1.00, True",None,"10.00, 1.00, None","4.00, 1.00, None","6.00, 1.00, None","4.00, 1.00, None","8.00, 1.00, True","5.00, 1.00, True","4.00, 1.00, True","3.00, 1.00, True","11.00, 1.00, True","4.00, 1.00, True","3.00, 0.73, True","10.00, 0.83, True","7.00, 0.80, True","10.00, 0.68, True","9.00, 0.66, True","6.00, 0.61, True","2.00, 0.45, True","3.00, 0.51, True","8.00, 0.65, True","8.00, 0.65, True","6.00, 0.45, True","12.00, 0.57, True","3.00, 0.34, True","13.00, 0.58, True","6.00, 0.45, True","0.00, 0.12, True","10.00, 0.54, True","12.00, 0.46, True","10.00, 0.42, True","6.00, 0.33, True","10.00, 0.25, True","10.00, 0.25, True","9.00, 0.17, True","10.00, 0.18, True","8.00, 0.08, True","7.00, 0.06, True",B
template_40,"10.00, 0.07, False","8.00, 0.11, False","8.00, 0.11, False","9.00, 0.17, False","12.00, 0.28, False","10.00, 0.25, False","10.00, 0.25, False","8.00, 0.21, False","9.00, 0.31, False","10.00, 0.33, False","9.00, 0.31, False","10.00, 0.33, False","12.00, 0.36, False","12.00, 0.46, False","9.00, 0.52, False","14.00, 0.60, False","8.00, 0.65, False","7.00, 0.63, False","8.00, 1.00, True","10.00, 1.00, True",None,"9.00, 1.00, None","6.00, 1.00, None","10.00, 1.00, None","6.00, 1.00, True","5.00, 1.00, True","10.00, 1.00, True","8.00, 1.00, True","15.00, 1.00, True","9.00, 1.00, True","8.00, 0.81, True","14.00, 0.86, True","7.00, 0.80, True","14.00, 0.72, True","7.00, 0.63, True","3.00, 0.51, True","8.00, 0.65, True","7.00, 0.63, True","7.00, 0.63, True","5.00, 0.58, True","4.00, 0.39, True","10.00, 0.54, True","8.00, 0.50, True","10.00, 0.54, True","6.00, 0.45, True","8.00, 0.50, True","14.00, 0.60, True","15.00, 0.50, True","13.00, 0.47, True","5.00, 0.30, True","12.00, 0.28, True","10.00, 0.25, True","8.00, 0.15, True","8.00, 0.15, True","9.00, 0.09, True","7.00, 0.06, True",A
template_9,"3.00, 0.01, False","8.00, 0.11, False","9.00, 0.12, False","7.00, 0.13, False","5.00, 0.14, False","3.00, 0.09, False","8.00, 0.21, False","4.00, 0.12, False","9.00, 0.31, False","10.00, 0.33, False","2.00, 0.11, False","10.00, 0.33, False","12.00, 0.36, False","5.00, 0.30, False","9.00, 0.52, False","5.00, 0.42, False","2.00, 0.45, False","2.00, 0.45, False","9.00, 1.00, True","4.00, 1.00, True","9.00, 1.00, True",None,"7.00, 1.00, None","7.00, 1.00, None","8.00, 1.00, True","6.00, 1.00, True","1.00, 1.00, True","4.00, 1.00, True","7.00, 1.00, True","1.00, 1.00, True","0.00, 0.50, True","7.00, 0.80, True","5.00, 0.77, True","9.00, 0.66, True","6.00, 0.61, True","6.00, 0.61, True","3.00, 0.51, True","1.00, 0.38, True","7.00, 0.63, True","6.00, 0.61, True","5.00, 0.42, True","10.00, 0.54, True","1.00, 0.22, True","11.00, 0.56, True","5.00, 0.42, True","2.00, 0.29, True","7.00, 0.48, True","10.00, 0.42, True","6.00, 0.33, True","5.00, 0.30, True","7.00, 0.19, True","9.00, 0.23, True","8.00, 0.15, True","8.00, 0.15, True","8.00, 0.08, True","6.00, 0.05, True",B
template_34,"9.00, 0.06, False","10.00, 0.14, False","11.00, 0.15, False","8.00, 0.15, False","11.00, 0.26, False","9.00, 0.23, False","11.00, 0.26, False","5.00, 0.14, False","10.00, 0.33, False","11.00, 0.34, False","8.00, 0.29, False","11.00, 0.34, False","13.00, 0.38, False","10.00, 0.42, False","7.00, 0.48, False","12.00, 0.57, False","7.00, 0.63, False","3.00, 0.51, False","7.00, 1.00, True","6.00, 1.00, True","6.00, 1.00, True","7.00, 1.00, True",None,"8.00, 1.00, None","3.00, 1.00, True","1.00, 1.00, True","7.00, 1.00, True","5.00, 1.00, True","14.00, 1.00, True","7.00, 1.00, True","6.00, 0.79, True","12.00, 0.85, True","7.00, 0.80, True","12.00, 0.70, True","8.00, 0.65, True","4.00, 0.55, True","7.00, 0.63, True","5.00, 0.58, True","7.00, 0.63, True","6.00, 0.61, True","2.00, 0.29, True","11.00, 0.56, True","4.00, 0.39, True","12.00, 0.57, True","4.00, 0.39, True","5.00, 0.42, True","12.00, 0.57, True","13.00, 0.47, True","12.00, 0.46, True","4.00, 0.27, True","11.00, 0.26, True","10.00, 0.25, True","8.00, 0.15, True","9.00, 0.17, True","8.00, 0.08, True","7.00, 0.06, True",A
template_31,"6.00, 0.03, False","10.00, 0.14, False","11.00, 0.15, False","7.00, 0.13, False","8.00, 0.21, False","8.00, 0.21, False","10.00, 0.25, False","4.00, 0.12, False","11.00, 0.34, False","11.00, 0.34, False","6.00, 0.24, False","11.00, 0.34, False","12.00, 0.36, False","9.00, 0.40, False","9.00, 0.52, False","10.00, 0.54, False","4.00, 0.55, False","4.00, 0.55, False","7.00, 1.00, True","4.00, 1.00, True","10.00, 1.00, True","7.00, 1.00, True","8.00, 1.00, True",None,"9.00, 1.00, True","6.00, 1.00, True","7.00, 1.00, True","4.00, 1.00, True","13.00, 1.00, True","7.00, 1.00, True","6.00, 0.79, True","12.00, 0.85, True","10.00, 0.83, True","10.00, 0.68, True","11.00, 0.69, True","6.00, 0.61, True","5.00, 0.58, True","5.00, 0.58, True","9.00, 0.66, True","10.00, 0.68, True","7.00, 0.48, True","12.00, 0.57, True","6.00, 0.45, True","13.00, 0.58, True","8.00, 0.50, True","3.00, 0.34, True","12.00, 0.57, True","13.00, 0.47, True","11.00, 0.44, True","8.00, 0.38, True","11.00, 0.26, True","8.00, 0.21, True","9.00, 0.17, True","10.00, 0.18, True","8.00, 0.08, True","7.00, 0.06, True",B
template_36,"9.00, 0.04, False","9.00, 0.09, False","9.00, 0.09, False","7.00, 0.09, False","11.00, 0.20, False","8.00, 0.15, False","9.00, 0.17, False","6.00, 0.12, False","8.00, 0.21, False","9.00, 0.23, False","8.00, 0.21, False","9.00, 0.23, False","11.00, 0.26, False","10.00, 0.33, False","5.00, 0.30, False","11.00, 0.44, False","8.00, 0.50, False","4.00, 0.39, False","4.00, 1.00, False","8.00, 1.00, False","6.00, 1.00, False","8.00, 1.00, False","3.00, 1.00, False","9.00, 1.00, False",None,"5.00, 1.00, None","9.00, 1.00, None","7.00, 1.00, None","14.00, 1.00, None","9.00, 1.00, None","8.00, 1.00, True","13.00, 1.00, True","7.00, 1.00, True","11.00, 0.84, True","8.00, 0.81, True","6.00, 0.79, True","9.00, 0.82, True","7.00, 0.80, True","7.00, 0.80, True","6.00, 0.79, True","4.00, 0.55, True","10.00, 0.68, True","7.00, 0.63, True","11.00, 0.69, True","4.00, 0.55, True","8.00, 0.65, True","13.00, 0.71, True","14.00, 0.60, True","11.00, 0.56, True","4.00, 0.39, True","12.00, 0.36, True","9.00, 0.31, True","7.00, 0.19, True","7.00, 0.19, True","7.00, 0.09, True","6.00, 0.08, True",B
template_32,"8.00, 0.04, False","9.00, 0.09, False","10.00, 0.10, False","8.00, 0.11, False","10.00, 0.18, False","8.00, 0.15, False","10.00, 0.18, False","5.00, 0.10, False","9.00, 0.23, False","10.00, 0.25, False","7.00, 0.19, False","10.00, 0.25, False","12.00, 0.28, False","9.00, 0.31, False","7.00, 0.36, False","11.00, 0.44, False","5.00, 0.42, False","4.00, 0.39, False","6.00, 1.00, False","5.00, 1.00, False","5.00, 1.00, False","6.00, 1.00, False","1.00, 1.00, False","6.00, 1.00, False","5.00, 1.00, True",None,"7.00, 1.00, None","6.00, 1.00, None","14.00, 1.00, None","7.00, 1.00, None","6.00, 1.00, True","12.00, 1.00, True","7.00, 1.00, True","12.00, 0.85, True","8.00, 0.81, True","4.00, 0.75, True","8.00, 0.81, True","5.00, 0.77, True","7.00, 0.80, True","6.00, 0.79, True","2.00, 0.45, True","11.00, 0.69, True","4.00, 0.55, True","12.00, 0.70, True","4.00, 0.55, True","5.00, 0.58, True","12.00, 0.70, True","13.00, 0.58, True","12.00, 0.57, True","4.00, 0.39, True","11.00, 0.34, True","10.00, 0.33, True","8.00, 0.21, True","9.00, 0.23, True","8.00, 0.11, True","7.00, 0.09, True",B
template_7,"3.00, 0.01, False","9.00, 0.09, False","10.00, 0.10, False","7.00, 0.09, False","5.00, 0.10, False","3.00, 0.06, False","9.00, 0.17, False","3.00, 0.06, False","9.00, 0.23, False","10.00, 0.25, False","3.00, 0.09, False","10.00, 0.25, False","12.00, 0.28, False","5.00, 0.21, False","7.00, 0.36, False","5.00, 0.30, False","2.00, 0.29, False","2.00, 0.29, False","9.00, 1.00, False","4.00, 1.00, False","10.00, 1.00, False","1.00, 1.00, False","7.00, 1.00, False","7.00, 1.00, False","9.00, 1.00, True","7.00, 1.00, True",None,"6.00, 1.00, None","8.00, 1.00, None","2.00, 1.00, None","2.00, 1.00, True","7.00, 1.00, True","6.00, 1.00, True","9.00, 0.82, True","7.00, 0.80, True","7.00, 0.80, True","5.00, 0.77, True","1.00, 0.62, True","7.00, 0.80, True","7.00, 0.80, True","7.00, 0.63, True","12.00, 0.70, True","1.00, 0.38, True","12.00, 0.70, True","5.00, 0.58, True","3.00, 0.51, True","7.00, 0.63, True","9.00, 0.52, True","7.00, 0.48, True","5.00, 0.42, True","8.00, 0.29, True","9.00, 0.31, True","8.00, 0.21, True","9.00, 0.23, True","8.00, 0.11, True","6.00, 0.08, True",B
template_29,"4.00, 0.01, False","9.00, 0.09, False","10.00, 0.10, False","5.00, 0.06, False","6.00, 0.12, False","5.00, 0.10, False","9.00, 0.17, False","3.00, 0.06, False","10.00, 0.25, False","10.00, 0.25, False","3.00, 0.09, False","11.00, 0.26, False","12.00, 0.28, False","6.00, 0.24, False","8.00, 0.38, False","7.00, 0.36, False","2.00, 0.29, False","1.00, 0.22, False","8.00, 1.00, False","3.00, 1.00, False","8.00, 1.00, False","4.00, 1.00, False","5.00, 1.00, False","4.00, 1.00, False","7.00, 1.00, True","6.00, 1.00, True","6.00, 1.00, True",None,"11.00, 1.00, None","5.00, 1.00, None","4.00, 1.00, True","10.00, 1.00, True","9.00, 1.00, True","10.00, 0.83, True","9.00, 0.82, True","6.00, 0.79, True","4.00, 0.75, True","4.00, 0.75, True","8.00, 0.81, True","7.00, 0.80, True","4.00, 0.55, True","11.00, 0.69, True","4.00, 0.55, True","12.00, 0.70, True","6.00, 0.61, True","2.00, 0.45, True","10.00, 0.68, True","13.00, 0.58, True","10.00, 0.54, True","6.00, 0.45, True","10.00, 0.33, True","10.00, 0.33, True","9.00, 0.23, True","9.00, 0.23, True","8.00, 0.11, True","7.00, 0.09, True",B
template_55,"6.00, 0.02, False","10.00, 0.10, False","10.00, 0.10, False","10.00, 0.14, False","8.00, 0.15, False","6.00, 0.12, False","9.00, 0.17, False","9.00, 0.17, False","11.00, 0.26, False","13.00, 0.30, False","5.00, 0.14, False","11.00, 0.26, False","13.00, 0.30, False","9.00, 0.31, False","13.00, 0.47, False","9.00, 0.40, False","8.00, 0.50, False","9.00, 0.52, False","14.00, 1.00, False","11.00, 1.00, False","15.00, 1.00, False","7.00, 1.00, False","14.00, 1.00, False","13.00, 1.00, False","14.00, 1.00, True","14.00, 1.00, True","8.00, 1.00, True","11.00, 1.00, True",None,"7.00, 1.00, None","7.00, 1.00, True","2.00, 1.00, True","12.00, 1.00, True","7.00, 0.80, True","12.00, 0.85, True","13.00, 0.85, True","10.00, 0.83, True","9.00, 0.82, True","12.00, 0.85, True","12.00, 0.85, True","10.00, 0.68, True","7.00, 0.63, True","8.00, 0.65, True","7.00, 0.63, True","12.00, 0.70, True","9.00, 0.66, True","2.00, 0.45, True","5.00, 0.42, True","2.00, 0.29, True","11.00, 0.56, True","3.00, 0.15, True","9.00, 0.31, True","9.00, 0.23, True","6.00, 0.17, True","6.00, 0.08, True","6.00, 0.08, True",B
template_13,"4.00, 0.01, False","7.00, 0.06, False","9.00, 0.09, False","8.00, 0.11, False","5.00, 0.10, False","4.00, 0.08, False","8.00, 0.15, False","3.00, 0.06, False","9.00, 0.23, False","10.00, 0.25, False","3.00, 0.09, False","10.00, 0.25, False","12.00, 0.28, False","6.00, 0.24, False","8.00, 0.38, False","6.00, 0.33, False","2.00, 0.29, False","2.00, 0.29, False","9.00, 1.00, False","4.00, 1.00, False","9.00, 1.00, False","1.00, 1.00, False","7.00, 1.00, False","7.00, 1.00, False","9.00, 1.00, True","7.00, 1.00, True","2.00, 1.00, True","5.00, 1.00, True","7.00, 1.00, True",None,"1.00, 1.00, True","8.00, 1.00, True","6.00, 1.00, True","10.00, 0.83, True","6.00, 0.79, True","7.00, 0.80, True","4.00, 0.75, True","2.00, 0.69, True","7.00, 0.80, True","6.00, 0.79, True","6.00, 0.61, True","10.00, 0.68, True","1.00, 0.38, True","10.00, 0.68, True","5.00, 0.58, True","3.00, 0.51, True","8.00, 0.65, True","11.00, 0.56, True","7.00, 0.48, True","5.00, 0.42, True","8.00, 0.29, True","9.00, 0.31, True","8.00, 0.21, True","8.00, 0.21, True","8.00, 0.11, True","6.00, 0.08, True",B
template_11,"2.00, 0.00, False","7.00, 0.04, False","8.00, 0.05, False","6.00, 0.05, False","3.00, 0.04, False","2.00, 0.02, False","7.00, 0.09, False","3.00, 0.04, False","8.00, 0.15, False","9.00, 0.17, False","1.00, 0.02, False","9.00, 0.17, False","11.00, 0.20, False","4.00, 0.12, False","8.00, 0.29, False","4.00, 0.18, False","1.00, 0.12, False","1.00, 0.12, False","8.00, 0.81, False","3.00, 0.73, False","8.00, 0.81, False","0.00, 0.50, False","6.00, 0.79, False","6.00, 0.79, False","8.00, 1.00, False","6.00, 1.00, False","2.00, 1.00, False","4.00, 1.00, False","7.00, 1.00, False","1.00, 1.00, False",None,"8.00, 1.00, None","6.00, 1.00, None","10.00, 1.00, True","7.00, 1.00, True","7.00, 1.00, True","3.00, 1.00, True","2.00, 1.00, True","8.00, 1.00, True","7.00, 1.00, True","6.00, 0.79, True","10.00, 0.83, True","2.00, 0.69, True","11.00, 0.84, True","6.00, 0.79, True","2.00, 0.69, True","8.00, 0.81, True","11.00, 0.69, True","7.00, 0.63, True","6.00, 0.61, True","8.00, 0.38, True","9.00, 0.40, True","9.00, 0.31, True","8.00, 0.29, True","8.00, 0.15, True","6.00, 0.12, True",B
template_53,"5.00, 0.01, False","11.00, 0.08, False","10.00, 0.07, False","10.00, 0.10, False","7.00, 0.09, False","5.00, 0.06, False","9.00, 0.12, False","9.00, 0.12, False","11.00, 0.20, False","13.00, 0.23, False","5.00, 0.10, False","11.00, 0.20, False","13.00, 0.23, False","8.00, 0.21, False","11.00, 0.34, False","8.00, 0.29, False","7.00, 0.36, False","9.00, 0.40, False","13.00, 0.85, False","10.00, 0.83, False","14.00, 0.86, False","7.00, 0.80, False","12.00, 0.85, False","12.00, 0.85, False","13.00, 1.00, False","12.00, 1.00, False","7.00, 1.00, False","10.00, 1.00, False","2.00, 1.00, False","8.00, 1.00, False","8.00, 1.00, True",None,"12.00, 1.00, None","7.00, 1.00, True","12.00, 1.00, True","13.00, 1.00, True","11.00, 1.00, True","9.00, 1.00, True","12.00, 1.00, True","12.00, 1.00, True","10.00, 0.83, True","8.00, 0.81, True","9.00, 0.82, True","8.00, 0.81, True","12.00, 0.85, True","9.00, 0.82, True","0.00, 0.50, True","3.00, 0.51, True","2.00, 0.45, True","11.00, 0.69, True","2.00, 0.18, True","9.00, 0.40, True","9.00, 0.31, True","6.00, 0.24, True","5.00, 0.10, True","6.00, 0.12, True",B
template_8,"6.00, 0.01, False","5.00, 0.03, False","6.00, 0.03, False","8.00, 0.08, False","7.00, 0.09, False","7.00, 0.09, False","7.00, 0.09, False","7.00, 0.09, False","5.00, 0.10, False","6.00, 0.12, False","5.00, 0.10, False","6.00, 0.12, False","10.00, 0.18, False","8.00, 0.21, False","5.00, 0.21, False","8.00, 0.29, False","6.00, 0.33, False","5.00, 0.30, False","7.00, 0.80, False","7.00, 0.80, False","7.00, 0.80, False","5.00, 0.77, False","7.00, 0.80, False","10.00, 0.83, False","7.00, 1.00, False","7.00, 1.00, False","6.00, 1.00, False","9.00, 1.00, False","12.00, 1.00, False","6.00, 1.00, False","6.00, 1.00, True","12.00, 1.00, True",None,"11.00, 1.00, True","3.00, 1.00, True","6.00, 1.00, True","9.00, 1.00, True","6.00, 1.00, True","4.00, 1.00, True","4.00, 1.00, True","6.00, 0.79, True","10.00, 0.83, True","6.00, 0.79, True","12.00, 0.85, True","3.00, 0.73, True","7.00, 0.80, True","11.00, 0.84, True","12.00, 0.70, True","9.00, 0.66, True","2.00, 0.45, True","10.00, 0.42, True","10.00, 0.42, True","7.00, 0.26, True","8.00, 0.29, True","8.00, 0.15, True","6.00, 0.12, True",B
template_45,"7.00, 0.01, False","12.00, 0.07, False","12.00, 0.07, False","6.00, 0.03, False","10.00, 0.10, False","8.00, 0.08, False","11.00, 0.11, False","5.00, 0.04, False","12.00, 0.16, False","13.00, 0.18, False","6.00, 0.08, False","12.00, 0.16, False","12.00, 0.16, False","8.00, 0.15, False","9.00, 0.23, False","9.00, 0.23, False","8.00, 0.29, False","7.00, 0.26, False","10.00, 0.68, False","10.00, 0.68, False","14.00, 0.72, False","9.00, 0.66, False","12.00, 0.70, False","10.00, 0.68, False","11.00, 0.84, False","12.00, 0.85, False","9.00, 0.82, False","10.00, 0.83, False","7.00, 0.80, False","10.00, 0.83, False","10.00, 1.00, False","7.00, 1.00, False","11.00, 1.00, False",None,"13.00, 1.00, None","14.00, 1.00, None","12.00, 1.00, None","12.00, 1.00, None","10.00, 1.00, None","11.00, 1.00, None","12.00, 1.00, True","10.00, 1.00, True","11.00, 1.00, True","11.00, 1.00, True","9.00, 1.00, True","10.00, 1.00, True","7.00, 1.00, True","8.00, 0.81, True","5.00, 0.77, True","8.00, 0.81, True","7.00, 0.48, True","7.00, 0.48, True","6.00, 0.33, True","6.00, 0.33, True","5.00, 0.14, True","4.00, 0.12, True",B
template_10,"7.00, 0.01, False","5.00, 0.02, False","6.00, 0.02, False","9.00, 0.06, False","8.00, 0.08, False","9.00, 0.09, False","7.00, 0.06, False","7.00, 0.06, False","6.00, 0.08, False","7.00, 0.09, False","7.00, 0.09, False","7.00, 0.09, False","10.00, 0.14, False","10.00, 0.18, False","5.00, 0.14, False","10.00, 0.25, False","7.00, 0.26, False","7.00, 0.26, False","8.00, 0.65, False","9.00, 0.66, False","7.00, 0.63, False","6.00, 0.61, False","8.00, 0.65, False","11.00, 0.69, False","8.00, 0.81, False","8.00, 0.81, False","7.00, 0.80, False","9.00, 0.82, False","12.00, 0.85, False","6.00, 0.79, False","7.00, 1.00, False","12.00, 1.00, False","3.00, 1.00, False","13.00, 1.00, True",None,"8.00, 1.00, None","11.00, 1.00, None","8.00, 1.00, None","3.00, 1.00, None","3.00, 1.00, None","7.00, 1.00, True","12.00, 1.00, True","7.00, 1.00, True","13.00, 1.00, True","3.00, 1.00, True","10.00, 1.00, True","12.00, 1.00, True","14.00, 0.86, True","10.00, 0.83, True","3.00, 0.73, True","11.00, 0.56, True","12.00, 0.57, True","9.00, 0.40, True","9.00, 0.40, True","10.00, 0.25, True","8.00, 0.21, True",B
template_38,"7.00, 0.01, False","5.00, 0.02, False","6.00, 0.02, False","6.00, 0.03, False","9.00, 0.09, False","8.00, 0.08, False","7.00, 0.06, False","5.00, 0.04, False","5.00, 0.06, False","6.00, 0.08, False","6.00, 0.08, False","6.00, 0.08, False","8.00, 0.11, False","9.00, 0.17, False","7.00, 0.19, False","11.00, 0.26, False","6.00, 0.24, False","4.00, 0.18, False","8.00, 0.65, False","6.00, 0.61, False","3.00, 0.51, False","6.00, 0.61, False","4.00, 0.55, False","6.00, 0.61, False","6.00, 0.79, False","4.00, 0.75, False","7.00, 0.80, False","6.00, 0.79, False","13.00, 0.85, False","7.00, 0.80, False","7.00, 1.00, False","13.00, 1.00, False","6.00, 1.00, False","14.00, 1.00, True","8.00, 1.00, True",None,"9.00, 1.00, None","6.00, 1.00, None","7.00, 1.00, None","6.00, 1.00, None","5.00, 1.00, True","13.00, 1.00, True","7.00, 1.00, True","13.00, 1.00, True","6.00, 1.00, True","7.00, 1.00, True","14.00, 1.00, True","14.00, 0.86, True","14.00, 0.86, True","5.00, 0.77, True","12.00, 0.57, True","11.00, 0.56, True","10.00, 0.42, True","11.00, 0.44, True","9.00, 0.23, True","9.00, 0.23, True",B
template_41,"3.00, 0.00, False","9.00, 0.04, False","10.00, 0.05, False","7.00, 0.04, False","4.00, 0.03, False","3.00, 0.02, False","9.00, 0.09, False","4.00, 0.03, False","10.00, 0.14, False","10.00, 0.14, False","2.00, 0.02, False","11.00, 0.15, False","13.00, 0.18, False","4.00, 0.08, False","10.00, 0.25, False","5.00, 0.14, False","1.00, 0.07, False","1.00, 0.07, False","10.00, 0.68, False","2.00, 0.45, False","8.00, 0.65, False","3.00, 0.51, False","7.00, 0.63, False","5.00, 0.58, False","9.00, 0.82, False","8.00, 0.81, False","5.00, 0.77, False","4.00, 0.75, False","10.00, 0.83, False","4.00, 0.75, False","3.00, 1.00, False","11.00, 1.00, False","9.00, 1.00, False","12.00, 1.00, True","11.00, 1.00, True","9.00, 1.00, True",None,"5.00, 1.00, None","11.00, 1.00, None","10.00, 1.00, None","9.00, 1.00, True","10.00, 1.00, True","6.00, 1.00, True","11.00, 1.00, True","9.00, 1.00, True","2.00, 1.00, True","12.00, 1.00, True","14.00, 0.86, True","11.00, 0.84, True","9.00, 0.82, True","11.00, 0.56, True","9.00, 0.52, True","9.00, 0.40, True","8.00, 0.38, True","8.00, 0.21, True","6.00, 0.17, True",B
template_1,"3.00, 0.00, False","8.00, 0.04, False","9.00, 0.04, False","6.00, 0.03, False","4.00, 0.03, False","3.00, 0.02, False","8.00, 0.08, False","3.00, 0.02, False","8.00, 0.11, False","9.00, 0.12, False","3.00, 0.04, False","9.00, 0.12, False","10.00, 0.14, False","5.00, 0.10, False","7.00, 0.19, False","5.00, 0.14, False","1.00, 0.07, False","1.00, 0.07, False","8.00, 0.65, False","3.00, 0.51, False","7.00, 0.63, False","1.00, 0.38, False","5.00, 0.58, False","5.00, 0.58, False","7.00, 0.80, False","5.00, 0.77, False","1.00, 0.62, False","4.00, 0.75, False","9.00, 0.82, False","2.00, 0.69, False","2.00, 1.00, False","9.00, 1.00, False","6.00, 1.00, False","12.00, 1.00, True","8.00, 1.00, True","6.00, 1.00, True","5.00, 1.00, True",None,"8.00, 1.00, None","8.00, 1.00, None","7.00, 1.00, True","12.00, 1.00, True","2.00, 1.00, True","13.00, 1.00, True","6.00, 1.00, True","4.00, 1.00, True","10.00, 1.00, True","11.00, 0.84, True","10.00, 0.83, True","6.00, 0.79, True","10.00, 0.54, True","10.00, 0.54, True","9.00, 0.40, True","10.00, 0.42, True","9.00, 0.23, True","7.00, 0.19, True",B
template_0,"7.00, 0.01, False","6.00, 0.02, False","7.00, 0.03, False","8.00, 0.05, False","9.00, 0.09, False","9.00, 0.09, False","7.00, 0.06, False","6.00, 0.05, False","6.00, 0.08, False","7.00, 0.09, False","7.00, 0.09, False","7.00, 0.09, False","10.00, 0.14, False","10.00, 0.18, False","4.00, 0.12, False","11.00, 0.26, False","7.00, 0.26, False","5.00, 0.21, False","7.00, 0.63, False","8.00, 0.65, False","7.00, 0.63, False","7.00, 0.63, False","7.00, 0.63, False","9.00, 0.66, False","7.00, 0.80, False","7.00, 0.80, False","7.00, 0.80, False","8.00, 0.81, False","12.00, 0.85, False","7.00, 0.80, False","8.00, 1.00, False","12.00, 1.00, False","4.00, 1.00, False","10.00, 1.00, True","3.00, 1.00, True","7.00, 1.00, True","11.00, 1.00, True","8.00, 1.00, True",None,"3.00, 1.00, None","7.00, 1.00, True","11.00, 1.00, True","7.00, 1.00, True","12.00, 1.00, True","2.00, 1.00, True","9.00, 1.00, True","12.00, 1.00, True","13.00, 0.85, True","10.00, 0.83, True","1.00, 0.62, True","11.00, 0.56, True","10.00, 0.54, True","7.00, 0.36, True","8.00, 0.38, True","8.00, 0.21, True","5.00, 0.14, True",B
template_12,"7.00, 0.01, False","5.00, 0.02, False","6.00, 0.02, False","8.00, 0.05, False","9.00, 0.09, False","8.00, 0.08, False","6.00, 0.05, False","6.00, 0.05, False","6.00, 0.08, False","7.00, 0.09, False","6.00, 0.08, False","7.00, 0.09, False","9.00, 0.12, False","9.00, 0.17, False","3.00, 0.09, False","10.00, 0.25, False","6.00, 0.24, False","5.00, 0.21, False","7.00, 0.63, False","8.00, 0.65, False","5.00, 0.58, False","6.00, 0.61, False","6.00, 0.61, False","10.00, 0.68, False","6.00, 0.79, False","6.00, 0.79, False","7.00, 0.80, False","7.00, 0.80, False","12.00, 0.85, False","6.00, 0.79, False","7.00, 1.00, False","12.00, 1.00, False","4.00, 1.00, False","11.00, 1.00, True","3.00, 1.00, True","6.00, 1.00, True","10.00, 1.00, True","8.00, 1.00, True","3.00, 1.00, True",None,"5.00, 1.00, True","10.00, 1.00, True","7.00, 1.00, True","10.00, 1.00, True","1.00, 1.00, True","9.00, 1.00, True","12.00, 1.00, True","14.00, 0.86, True","10.00, 0.83, True","2.00, 0.69, True","11.00, 0.56, True","10.00, 0.54, True","7.00, 0.36, True","7.00, 0.36, True","8.00, 0.21, True","6.00, 0.17, True",B
template_28,"5.00, 0.00, False","5.00, 0.01, False","6.00, 0.01, False","6.00, 0.02, False","7.00, 0.04, False","6.00, 0.03, False","6.00, 0.03, False","6.00, 0.03, False","6.00, 0.05, False","7.00, 0.06, False","4.00, 0.03, False","7.00, 0.06, False","9.00, 0.09, False","6.00, 0.08, False","4.00, 0.08, False","9.00, 0.17, False","5.00, 0.14, False","4.00, 0.12, False","5.00, 0.42, False","6.00, 0.45, False","4.00, 0.39, False","5.00, 0.42, False","2.00, 0.29, False","7.00, 0.48, False","4.00, 0.55, False","2.00, 0.45, False","7.00, 0.63, False","4.00, 0.55, False","10.00, 0.68, False","6.00, 0.61, False","6.00, 0.79, False","10.00, 0.83, False","6.00, 0.79, False","12.00, 1.00, False","7.00, 1.00, False","5.00, 1.00, False","9.00, 1.00, False","7.00, 1.00, False","7.00, 1.00, False","5.00, 1.00, False",None,"11.00, 1.00, None","7.00, 1.00, None","12.00, 1.00, None","6.00, 1.00, None","8.00, 1.00, None","12.00, 1.00, None","13.00, 1.00, True","12.00, 1.00, True","6.00, 1.00, True","10.00, 0.68, True","11.00, 0.69, True","9.00, 0.52, True","9.00, 0.52, True","9.00, 0.31, True","8.00, 0.29, True",B
template_52,"7.00, 0.01, False","8.00, 0.02, False","9.00, 0.03, False","10.00, 0.05, False","8.00, 0.05, False","7.00, 0.04, False","10.00, 0.07, False","10.00, 0.07, False","10.00, 0.10, False","11.00, 0.11, False","7.00, 0.06, False","11.00, 0.11, False","14.00, 0.14, False","10.00, 0.14, False","10.00, 0.18, False","10.00, 0.18, False","10.00, 0.25, False","9.00, 0.23, False","10.00, 0.54, False","12.00, 0.57, False","10.00, 0.54, False","10.00, 0.54, False","11.00, 0.56, False","12.00, 0.57, False","10.00, 0.68, False","11.00, 0.69, False","12.00, 0.70, False","11.00, 0.69, False","7.00, 0.63, False","10.00, 0.68, False","10.00, 0.83, False","8.00, 0.81, False","10.00, 0.83, False","10.00, 1.00, False","12.00, 1.00, False","13.00, 1.00, False","10.00, 1.00, False","12.00, 1.00, False","11.00, 1.00, False","10.00, 1.00, False","11.00, 1.00, True",None,"14.00, 1.00, None","2.00, 1.00, None","11.00, 1.00, None","12.00, 1.00, None","9.00, 1.00, None","11.00, 1.00, True","8.00, 1.00, True","10.00, 1.00, True","8.00, 0.65, True","5.00, 0.58, True","3.00, 0.34, True","0.00, 0.12, True","1.00, 0.07, True","1.00, 0.07, True",B
template_5,"4.00, 0.00, False","8.00, 0.02, False","9.00, 0.03, False","6.00, 0.02, False","5.00, 0.03, False","4.00, 0.02, False","8.00, 0.05, False","2.00, 0.01, False","8.00, 0.08, False","9.00, 0.09, False","3.00, 0.02, False","9.00, 0.09, False","10.00, 0.10, False","4.00, 0.05, False","6.00, 0.12, False","5.00, 0.10, False","2.00, 0.07, False","1.00, 0.04, False","8.00, 0.50, False","3.00, 0.34, False","8.00, 0.50, False","1.00, 0.22, False","4.00, 0.39, False","6.00, 0.45, False","7.00, 0.63, False","4.00, 0.55, False","1.00, 0.38, False","4.00, 0.55, False","8.00, 0.65, False","1.00, 0.38, False","2.00, 0.69, False","9.00, 0.82, False","6.00, 0.79, False","11.00, 1.00, False","7.00, 1.00, False","7.00, 1.00, False","6.00, 1.00, False","2.00, 1.00, False","7.00, 1.00, False","7.00, 1.00, False","7.00, 1.00, True","14.00, 1.00, True",None,"14.00, 1.00, None","6.00, 1.00, None","5.00, 1.00, None","11.00, 1.00, None","11.00, 1.00, True","10.00, 1.00, True","6.00, 1.00, True","9.00, 0.66, True","11.00, 0.69, True","10.00, 0.54, True","11.00, 0.56, True","10.00, 0.33, True","8.00, 0.29, True",B
template_54,"7.00, 0.01, False","8.00, 0.02, False","9.00, 0.03, False","10.00, 0.05, False","8.00, 0.05, False","7.00, 0.04, False","10.00, 0.07, False","10.00, 0.07, False","10.00, 0.10, False","11.00, 0.11, False","7.00, 0.06, False","11.00, 0.11, False","14.00, 0.14, False","10.00, 0.14, False","10.00, 0.18, False","10.00, 0.18, False","11.00, 0.26, False","10.00, 0.25, False","11.00, 0.56, False","13.00, 0.58, False","10.00, 0.54, False","11.00, 0.56, False","12.00, 0.57, False","13.00, 0.58, False","11.00, 0.69, False","12.00, 0.70, False","12.00, 0.70, False","12.00, 0.70, False","7.00, 0.63, False","10.00, 0.68, False","11.00, 0.84, False","8.00, 0.81, False","12.00, 0.85, False","11.00, 1.00, False","13.00, 1.00, False","13.00, 1.00, False","11.00, 1.00, False","13.00, 1.00, False","12.00, 1.00, False","10.00, 1.00, False","12.00, 1.00, True","2.00, 1.00, True","14.00, 1.00, True",None,"12.00, 1.00, None","13.00, 1.00, None","10.00, 1.00, None","12.00, 1.00, True","9.00, 1.00, True","11.00, 1.00, True","9.00, 0.66, True","5.00, 0.58, True","3.00, 0.34, True","1.00, 0.22, True","1.00, 0.07, True","2.00, 0.11, True",B
template_4,"7.00, 0.01, False","6.00, 0.01, False","7.00, 0.02, False","7.00, 0.03, False","9.00, 0.06, False","7.00, 0.04, False","7.00, 0.04, False","4.00, 0.02, False","6.00, 0.05, False","7.00, 0.06, False","6.00, 0.05, False","7.00, 0.06, False","9.00, 0.09, False","8.00, 0.11, False","2.00, 0.04, False","9.00, 0.17, False","5.00, 0.14, False","3.00, 0.09, False","5.00, 0.42, False","6.00, 0.45, False","6.00, 0.45, False","5.00, 0.42, False","4.00, 0.39, False","8.00, 0.50, False","4.00, 0.55, False","4.00, 0.55, False","5.00, 0.58, False","6.00, 0.61, False","12.00, 0.70, False","5.00, 0.58, False","6.00, 0.79, False","12.00, 0.85, False","3.00, 0.73, False","9.00, 1.00, False","3.00, 1.00, False","6.00, 1.00, False","9.00, 1.00, False","6.00, 1.00, False","2.00, 1.00, False","1.00, 1.00, False","6.00, 1.00, True","11.00, 1.00, True","6.00, 1.00, True","12.00, 1.00, True",None,"8.00, 1.00, None","13.00, 1.00, None","14.00, 1.00, True","11.00, 1.00, True","1.00, 1.00, True","12.00, 0.70, True","9.00, 0.66, True","6.00, 0.45, True","7.00, 0.48, True","7.00, 0.26, True","5.00, 0.21, True",B
template_39,"2.00, 0.00, False","8.00, 0.02, False","9.00, 0.03, False","5.00, 0.02, False","4.00, 0.02, False","2.00, 0.01, False","8.00, 0.05, False","2.00, 0.01, False","8.00, 0.08, False","8.00, 0.08, False","1.00, 0.01, False","9.00, 0.09, False","11.00, 0.11, False","4.00, 0.05, False","8.00, 0.15, False","5.00, 0.10, False","0.00, 0.02, False","0.00, 0.02, False","8.00, 0.50, False","0.00, 0.12, False","8.00, 0.50, False","2.00, 0.29, False","5.00, 0.42, False","3.00, 0.34, False","8.00, 0.65, False","5.00, 0.58, False","3.00, 0.51, False","2.00, 0.45, False","9.00, 0.66, False","3.00, 0.51, False","2.00, 0.69, False","9.00, 0.82, False","7.00, 0.80, False","10.00, 1.00, False","10.00, 1.00, False","7.00, 1.00, False","2.00, 1.00, False","4.00, 1.00, False","9.00, 1.00, False","9.00, 1.00, False","8.00, 1.00, True","12.00, 1.00, True","5.00, 1.00, True","13.00, 1.00, True","8.00, 1.00, True",None,"11.00, 1.00, None","13.00, 1.00, True","11.00, 1.00, True","8.00, 1.00, True","11.00, 0.69, True","10.00, 0.68, True","10.00, 0.54, True","10.00, 0.54, True","8.00, 0.29, True","7.00, 0.26, True",B
template_51,"5.00, 0.00, False","11.00, 0.04, False","10.00, 0.04, False","9.00, 0.04, False","7.00, 0.04, False","5.00, 0.03, False","9.00, 0.06, False","8.00, 0.05, False","11.00, 0.11, False","13.00, 0.13, False","5.00, 0.04, False","11.00, 0.11, False","13.00, 0.13, False","8.00, 0.11, False","10.00, 0.18, False","8.00, 0.15, False","7.00, 0.19, False","9.00, 0.23, False","13.00, 0.58, False","10.00, 0.54, False","14.00, 0.60, False","7.00, 0.48, False","12.00, 0.57, False","12.00, 0.57, False","13.00, 0.71, False","12.00, 0.70, False","7.00, 0.63, False","10.00, 0.68, False","2.00, 0.45, False","8.00, 0.65, False","8.00, 0.81, False","0.00, 0.50, False","11.00, 0.84, False","7.00, 1.00, False","12.00, 1.00, False","14.00, 1.00, False","12.00, 1.00, False","10.00, 1.00, False","12.00, 1.00, False","12.00, 1.00, False","12.00, 1.00, True","9.00, 1.00, True","11.00, 1.00, True","10.00, 1.00, True","13.00, 1.00, True","11.00, 1.00, True",None,"3.00, 1.00, True","2.00, 1.00, True","12.00, 1.00, True","2.00, 0.45, True","11.00, 0.69, True","10.00, 0.54, True","7.00, 0.48, True","6.00, 0.24, True","7.00, 0.26, True",B
template_49,"7.00, 0.01, False","13.00, 0.04, False","11.00, 0.03, False","10.00, 0.04, False","10.00, 0.05, False","8.00, 0.04, False","11.00, 0.06, False","10.00, 0.05, False","11.00, 0.08, False","14.00, 0.11, False","8.00, 0.05, False","12.00, 0.09, False","13.00, 0.10, False","8.00, 0.08, False","10.00, 0.14, False","10.00, 0.14, False","10.00, 0.18, False","11.00, 0.20, False","14.00, 0.49, False","12.00, 0.46, False","15.00, 0.50, False","10.00, 0.42, False","13.00, 0.47, False","13.00, 0.47, False","14.00, 0.60, False","13.00, 0.58, False","9.00, 0.52, False","13.00, 0.58, False","5.00, 0.42, False","11.00, 0.56, False","11.00, 0.69, False","3.00, 0.51, False","12.00, 0.70, False","8.00, 0.81, False","14.00, 0.86, False","14.00, 0.86, False","14.00, 0.86, False","11.00, 0.84, False","13.00, 0.85, False","14.00, 0.86, False","13.00, 1.00, False","11.00, 1.00, False","11.00, 1.00, False","12.00, 1.00, False","14.00, 1.00, False","13.00, 1.00, False","3.00, 1.00, False",None,"6.00, 1.00, None","14.00, 1.00, None","1.00, 0.62, True","12.00, 0.85, True","11.00, 0.69, True","9.00, 0.66, True","7.00, 0.36, True","8.00, 0.38, True",B
template_43,"6.00, 0.00, False","11.00, 0.03, False","10.00, 0.02, False","7.00, 0.02, False","8.00, 0.04, False","6.00, 0.02, False","9.00, 0.04, False","8.00, 0.04, False","11.00, 0.08, False","13.00, 0.10, False","5.00, 0.03, False","11.00, 0.08, False","12.00, 0.09, False","9.00, 0.09, False","8.00, 0.11, False","8.00, 0.11, False","7.00, 0.13, False","8.00, 0.15, False","10.00, 0.42, False","10.00, 0.42, False","13.00, 0.47, False","6.00, 0.33, False","12.00, 0.46, False","11.00, 0.44, False","11.00, 0.56, False","12.00, 0.57, False","7.00, 0.48, False","10.00, 0.54, False","2.00, 0.29, False","7.00, 0.48, False","7.00, 0.63, False","2.00, 0.45, False","9.00, 0.66, False","5.00, 0.77, False","10.00, 0.83, False","14.00, 0.86, False","11.00, 0.84, False","10.00, 0.83, False","10.00, 0.83, False","10.00, 0.83, False","12.00, 1.00, False","8.00, 1.00, False","10.00, 1.00, False","9.00, 1.00, False","11.00, 1.00, False","11.00, 1.00, False","2.00, 1.00, False","6.00, 1.00, True",None,"11.00, 1.00, None","4.00, 0.75, True","9.00, 0.82, True","9.00, 0.66, True","7.00, 0.63, True","7.00, 0.36, True","6.00, 0.33, True",B
template_6,"7.00, 0.01, False","6.00, 0.01, False","7.00, 0.01, False","7.00, 0.02, False","9.00, 0.04, False","7.00, 0.03, False","8.00, 0.04, False","4.00, 0.01, False","6.00, 0.03, False","7.00, 0.04, False","6.00, 0.03, False","7.00, 0.04, False","10.00, 0.07, False","8.00, 0.08, False","3.00, 0.04, False","9.00, 0.12, False","5.00, 0.10, False","3.00, 0.06, False","5.00, 0.30, False","6.00, 0.33, False","5.00, 0.30, False","5.00, 0.30, False","4.00, 0.27, False","8.00, 0.38, False","4.00, 0.39, False","4.00, 0.39, False","5.00, 0.42, False","6.00, 0.45, False","11.00, 0.56, False","5.00, 0.42, False","6.00, 0.61, False","11.00, 0.69, False","2.00, 0.45, False","8.00, 0.81, False","3.00, 0.73, False","5.00, 0.77, False","9.00, 0.82, False","6.00, 0.79, False","1.00, 0.62, False","2.00, 0.69, False","6.00, 1.00, False","10.00, 1.00, False","6.00, 1.00, False","11.00, 1.00, False","1.00, 1.00, False","8.00, 1.00, False","12.00, 1.00, False","14.00, 1.00, True","11.00, 1.00, True",None,"12.00, 0.85, True","9.00, 0.82, True","6.00, 0.61, True","7.00, 0.63, True","7.00, 0.36, True","5.00, 0.30, True",B
template_47,"6.00, 0.00, False","11.00, 0.01, False","10.00, 0.01, False","8.00, 0.01, False","8.00, 0.02, False","6.00, 0.01, False","9.00, 0.02, False","8.00, 0.02, False","11.00, 0.04, False","13.00, 0.05, False","5.00, 0.01, False","11.00, 0.04, False","13.00, 0.05, False","6.00, 0.02, False","9.00, 0.06, False","8.00, 0.05, False","9.00, 0.09, False","9.00, 0.09, False","12.00, 0.28, False","10.00, 0.25, False","12.00, 0.28, False","7.00, 0.19, False","11.00, 0.26, False","11.00, 0.26, False","12.00, 0.36, False","11.00, 0.34, False","8.00, 0.29, False","10.00, 0.33, False","3.00, 0.15, False","8.00, 0.29, False","8.00, 0.38, False","2.00, 0.18, False","10.00, 0.42, False","7.00, 0.48, False","11.00, 0.56, False","12.00, 0.57, False","11.00, 0.56, False","10.00, 0.54, False","11.00, 0.56, False","11.00, 0.56, False","10.00, 0.68, False","8.00, 0.65, False","9.00, 0.66, False","9.00, 0.66, False","12.00, 0.70, False","11.00, 0.69, False","2.00, 0.45, False","1.00, 0.62, False","4.00, 0.75, False","12.00, 0.85, False",None,"12.00, 1.00, None","11.00, 1.00, True","8.00, 1.00, True","7.00, 0.63, True","8.00, 0.65, True",C
template_44,"6.00, 0.00, False","8.00, 0.01, False","9.00, 0.01, False","6.00, 0.01, False","7.00, 0.01, False","7.00, 0.01, False","9.00, 0.02, False","6.00, 0.01, False","9.00, 0.03, False","9.00, 0.03, False","8.00, 0.02, False","9.00, 0.03, False","9.00, 0.03, False","8.00, 0.04, False","5.00, 0.03, False","8.00, 0.05, False","9.00, 0.09, False","7.00, 0.06, False","6.00, 0.17, False","10.00, 0.25, False","10.00, 0.25, False","9.00, 0.23, False","10.00, 0.25, False","8.00, 0.21, False","9.00, 0.31, False","10.00, 0.33, False","9.00, 0.31, False","10.00, 0.33, False","9.00, 0.31, False","9.00, 0.31, False","9.00, 0.40, False","9.00, 0.40, False","10.00, 0.42, False","7.00, 0.48, False","12.00, 0.57, False","11.00, 0.56, False","9.00, 0.52, False","10.00, 0.54, False","10.00, 0.54, False","10.00, 0.54, False","11.00, 0.69, False","5.00, 0.58, False","11.00, 0.69, False","5.00, 0.58, False","9.00, 0.66, False","10.00, 0.68, False","11.00, 0.69, False","12.00, 0.85, False","9.00, 0.82, False","9.00, 0.82, False","12.00, 1.00, True",None,"4.00, 1.00, True","4.00, 1.00, True","3.00, 0.51, True","2.00, 0.45, True",C
template_46,"7.00, 0.00, False","8.00, 0.00, False","9.00, 0.01, False","6.00, 0.00, False","8.00, 0.01, False","7.00, 0.01, False","10.00, 0.02, False","6.00, 0.01, False","9.00, 0.02, False","9.00, 0.02, False","7.00, 0.01, False","10.00, 0.02, False","12.00, 0.03, False","8.00, 0.02, False","6.00, 0.02, False","9.00, 0.04, False","8.00, 0.05, False","6.00, 0.03, False","7.00, 0.13, False","9.00, 0.17, False","8.00, 0.15, False","8.00, 0.15, False","8.00, 0.15, False","9.00, 0.17, False","7.00, 0.19, False","8.00, 0.21, False","8.00, 0.21, False","9.00, 0.23, False","9.00, 0.23, False","8.00, 0.21, False","9.00, 0.31, False","9.00, 0.31, False","7.00, 0.26, False","6.00, 0.33, False","9.00, 0.40, False","10.00, 0.42, False","9.00, 0.40, False","9.00, 0.40, False","7.00, 0.36, False","7.00, 0.36, False","9.00, 0.52, False","3.00, 0.34, False","10.00, 0.54, False","3.00, 0.34, False","6.00, 0.45, False","10.00, 0.54, False","10.00, 0.54, False","11.00, 0.69, False","9.00, 0.66, False","6.00, 0.61, False","11.00, 1.00, False","4.00, 1.00, False",None,"3.00, 1.00, None","2.00, 0.69, True","1.00, 0.62, True",C
template_50,"6.00, 0.00, False","7.00, 0.00, False","7.00, 0.00, False","8.00, 0.01, False","7.00, 0.01, False","5.00, 0.00, False","8.00, 0.01, False","7.00, 0.01, False","8.00, 0.02, False","9.00, 0.02, False","6.00, 0.01, False","9.00, 0.02, False","12.00, 0.03, False","7.00, 0.02, False","7.00, 0.03, False","8.00, 0.04, False","8.00, 0.05, False","7.00, 0.04, False","7.00, 0.13, False","10.00, 0.18, False","8.00, 0.15, False","8.00, 0.15, False","9.00, 0.17, False","10.00, 0.18, False","7.00, 0.19, False","9.00, 0.23, False","9.00, 0.23, False","9.00, 0.23, False","6.00, 0.17, False","8.00, 0.21, False","8.00, 0.29, False","6.00, 0.24, False","8.00, 0.29, False","6.00, 0.33, False","9.00, 0.40, False","11.00, 0.44, False","8.00, 0.38, False","10.00, 0.42, False","8.00, 0.38, False","7.00, 0.36, False","9.00, 0.52, False","0.00, 0.12, False","11.00, 0.56, False","1.00, 0.22, False","7.00, 0.48, False","10.00, 0.54, False","7.00, 0.48, False","9.00, 0.66, False","7.00, 0.63, False","7.00, 0.63, False","8.00, 1.00, False","4.00, 1.00, False","3.00, 1.00, True",None,"1.00, 0.62, True","1.00, 0.62, True",C
template_48,"5.00, 0.00, False","8.00, 0.00, False","8.00, 0.00, False","6.00, 0.00, False","6.00, 0.00, False","4.00, 0.00, False","9.00, 0.01, False","6.00, 0.00, False","8.00, 0.01, False","9.00, 0.01, False","5.00, 0.00, False","9.00, 0.01, False","11.00, 0.01, False","6.00, 0.01, False","7.00, 0.01, False","7.00, 0.01, False","8.00, 0.02, False","6.00, 0.01, False","7.00, 0.06, False","8.00, 0.08, False","9.00, 0.09, False","8.00, 0.08, False","8.00, 0.08, False","8.00, 0.08, False","7.00, 0.09, False","8.00, 0.11, False","8.00, 0.11, False","8.00, 0.11, False","6.00, 0.08, False","8.00, 0.11, False","8.00, 0.15, False","5.00, 0.10, False","8.00, 0.15, False","5.00, 0.14, False","10.00, 0.25, False","9.00, 0.23, False","8.00, 0.21, False","9.00, 0.23, False","8.00, 0.21, False","8.00, 0.21, False","9.00, 0.31, False","1.00, 0.07, False","10.00, 0.33, False","1.00, 0.07, False","7.00, 0.26, False","8.00, 0.29, False","6.00, 0.24, False","7.00, 0.36, False","7.00, 0.36, False","7.00, 0.36, False","7.00, 0.63, False","3.00, 0.51, False","2.00, 0.69, False","1.00, 0.62, False",None,"3.00, 1.00, None",C
template_42,"5.00, 0.00, False","7.00, 0.00, False","8.00, 0.00, False","5.00, 0.00, False","6.00, 0.00, False","5.00, 0.00, False","8.00, 0.00, False","5.00, 0.00, False","8.00, 0.01, False","8.00, 0.01, False","5.00, 0.00, False","9.00, 0.01, False","11.00, 0.01, False","6.00, 0.01, False","5.00, 0.01, False","7.00, 0.01, False","6.00, 0.01, False","4.00, 0.01, False","6.00, 0.05, False","7.00, 0.06, False","7.00, 0.06, False","6.00, 0.05, False","7.00, 0.06, False","7.00, 0.06, False","6.00, 0.08, False","7.00, 0.09, False","6.00, 0.08, False","7.00, 0.09, False","6.00, 0.08, False","6.00, 0.08, False","6.00, 0.12, False","6.00, 0.12, False","6.00, 0.12, False","4.00, 0.12, False","8.00, 0.21, False","9.00, 0.23, False","6.00, 0.17, False","7.00, 0.19, False","5.00, 0.14, False","6.00, 0.17, False","8.00, 0.29, False","1.00, 0.07, False","8.00, 0.29, False","2.00, 0.11, False","5.00, 0.21, False","7.00, 0.26, False","7.00, 0.26, False","8.00, 0.38, False","6.00, 0.33, False","5.00, 0.30, False","8.00, 0.65, False","2.00, 0.45, False","1.00, 0.62, False","1.00, 0.62, False","3.00, 1.00, True",None,C
