"statistic, pvalue, row is better than column",best set: template_7,template_31,template_1,template_30,template_29,template_5,template_28,template_19,template_35,template_21,template_42,template_34,template_51,template_37,template_22,template_14,template_13,template_24,template_23,template_32,template_12,template_15,template_17,template_33,template_48,template_55,template_40,template_10,template_25,template_45,template_0,template_6,template_4,template_16,template_8,template_53,template_18,template_27,template_39,template_9,template_54,template_49,template_3,template_36,template_41,template_44,template_47,template_38,template_20,template_2,template_46,template_52,template_50,template_43,template_26,template_11,group,accuracy
template_7,None,"16.00, 0.86, True","10.00, 0.68, True","16.00, 0.74, True","14.00, 0.60, True","5.00, 0.42, True","12.00, 0.57, True","8.00, 0.38, True","13.00, 0.47, True","4.00, 0.27, True","13.00, 0.38, True","17.00, 0.43, True","15.00, 0.41, True","14.00, 0.39, True","13.00, 0.38, True","11.00, 0.34, True","9.00, 0.23, True","13.00, 0.30, True","11.00, 0.26, True","12.00, 0.28, True","14.00, 0.31, True","9.00, 0.23, True","8.00, 0.21, True","11.00, 0.20, True","13.00, 0.23, True","12.00, 0.22, True","12.00, 0.22, True","13.00, 0.23, True","11.00, 0.20, True","13.00, 0.23, True","11.00, 0.20, True","9.00, 0.17, True","10.00, 0.14, True","13.00, 0.18, True","10.00, 0.14, True","16.00, 0.21, True","11.00, 0.15, True","10.00, 0.14, True","10.00, 0.14, True","5.00, 0.06, True","17.00, 0.17, True","11.00, 0.11, True","9.00, 0.09, True","12.00, 0.12, True","12.00, 0.12, True","17.00, 0.14, True","11.00, 0.08, True","9.00, 0.06, True","8.00, 0.05, True","14.00, 0.11, True","15.00, 0.09, True","12.00, 0.07, True","13.00, 0.05, True","11.00, 0.04, True","11.00, 0.02, True","6.00, 0.00, True",A,0.36
template_31,"16.00, 0.86, False",None,"20.00, 1.00, True","11.00, 1.00, True","17.00, 0.87, True","16.00, 0.86, True","17.00, 0.87, True","17.00, 0.74, True","12.00, 0.70, True","15.00, 0.73, True","18.00, 0.64, True","19.00, 0.64, True","16.00, 0.62, True","12.00, 0.57, True","18.00, 0.64, True","16.00, 0.62, True","17.00, 0.52, True","17.00, 0.52, True","16.00, 0.51, True","15.00, 0.50, True","20.00, 0.55, True","17.00, 0.52, True","10.00, 0.42, True","12.00, 0.36, True","14.00, 0.39, True","13.00, 0.38, True","15.00, 0.41, True","17.00, 0.43, True","16.00, 0.42, True","11.00, 0.34, True","16.00, 0.42, True","15.00, 0.41, True","14.00, 0.31, True","11.00, 0.26, True","16.00, 0.34, True","13.00, 0.30, True","15.00, 0.32, True","17.00, 0.35, True","12.00, 0.28, True","13.00, 0.30, True","16.00, 0.27, True","10.00, 0.18, True","12.00, 0.22, True","14.00, 0.24, True","13.00, 0.23, True","14.00, 0.19, True","11.00, 0.15, True","10.00, 0.14, True","13.00, 0.18, True","11.00, 0.15, True","12.00, 0.12, True","13.00, 0.13, True","11.00, 0.08, True","12.00, 0.09, True","13.00, 0.05, True","12.00, 0.03, True",A,0.34
template_1,"10.00, 0.68, False","20.00, 1.00, False",None,"20.00, 1.00, None","14.00, 1.00, True","11.00, 1.00, True","16.00, 1.00, True","17.00, 0.87, True","16.00, 0.86, True","14.00, 0.86, True","17.00, 0.74, True","20.00, 0.76, True","18.00, 0.75, True","14.00, 0.72, True","15.00, 0.73, True","12.00, 0.70, True","8.00, 0.50, True","14.00, 0.60, True","9.00, 0.52, True","17.00, 0.63, True","15.00, 0.61, True","8.00, 0.50, True","11.00, 0.56, True","14.00, 0.49, True","18.00, 0.53, True","15.00, 0.50, True","16.00, 0.51, True","16.00, 0.51, True","10.00, 0.42, True","15.00, 0.50, True","10.00, 0.42, True","11.00, 0.44, True","13.00, 0.38, True","13.00, 0.38, True","10.00, 0.33, True","16.00, 0.42, True","12.00, 0.36, True","9.00, 0.31, True","10.00, 0.33, True","8.00, 0.29, True","20.00, 0.38, True","13.00, 0.30, True","9.00, 0.23, True","15.00, 0.32, True","13.00, 0.30, True","16.00, 0.27, True","15.00, 0.26, True","15.00, 0.26, True","10.00, 0.18, True","16.00, 0.27, True","16.00, 0.21, True","18.00, 0.23, True","15.00, 0.15, True","12.00, 0.12, True","13.00, 0.07, True","5.00, 0.01, True",A,0.33
template_30,"16.00, 0.74, False","11.00, 1.00, False","20.00, 1.00, True",None,"17.00, 1.00, True","16.00, 1.00, True","17.00, 1.00, True","18.00, 0.87, True","15.00, 0.86, True","17.00, 0.87, True","14.00, 0.72, True","14.00, 0.72, True","18.00, 0.75, True","15.00, 0.73, True","19.00, 0.76, True","15.00, 0.73, True","20.00, 0.65, True","16.00, 0.62, True","15.00, 0.61, True","13.00, 0.58, True","18.00, 0.64, True","15.00, 0.61, True","11.00, 0.56, True","14.00, 0.49, True","13.00, 0.47, True","17.00, 0.52, True","13.00, 0.47, True","19.00, 0.54, True","16.00, 0.51, True","11.00, 0.44, True","17.00, 0.52, True","16.00, 0.51, True","16.00, 0.42, True","13.00, 0.38, True","16.00, 0.42, True","14.00, 0.39, True","13.00, 0.38, True","18.00, 0.44, True","14.00, 0.39, True","12.00, 0.36, True","15.00, 0.32, True","14.00, 0.31, True","13.00, 0.30, True","11.00, 0.26, True","18.00, 0.36, True","8.00, 0.15, True","13.00, 0.23, True","7.00, 0.13, True","12.00, 0.22, True","12.00, 0.22, True","13.00, 0.18, True","11.00, 0.15, True","12.00, 0.12, True","14.00, 0.14, True","14.00, 0.08, True","11.00, 0.04, True",A,0.33
template_29,"14.00, 0.60, False","17.00, 0.87, False","14.00, 1.00, False","17.00, 1.00, False",None,"15.00, 1.00, None","15.00, 1.00, None","19.00, 1.00, True","15.00, 1.00, True","16.00, 1.00, True","16.00, 0.86, True","17.00, 0.87, True","15.00, 0.86, True","11.00, 0.84, True","19.00, 0.87, True","14.00, 0.86, True","16.00, 0.74, True","18.00, 0.75, True","13.00, 0.71, True","15.00, 0.73, True","19.00, 0.76, True","14.00, 0.72, True","16.00, 0.74, True","11.00, 0.56, True","17.00, 0.63, True","14.00, 0.60, True","17.00, 0.63, True","18.00, 0.64, True","17.00, 0.63, True","13.00, 0.58, True","14.00, 0.60, True","14.00, 0.60, True","14.00, 0.49, True","15.00, 0.50, True","14.00, 0.49, True","14.00, 0.49, True","13.00, 0.47, True","16.00, 0.51, True","10.00, 0.42, True","9.00, 0.40, True","19.00, 0.45, True","15.00, 0.41, True","16.00, 0.42, True","12.00, 0.36, True","11.00, 0.34, True","15.00, 0.32, True","12.00, 0.28, True","12.00, 0.28, True","12.00, 0.28, True","15.00, 0.32, True","14.00, 0.24, True","16.00, 0.27, True","13.00, 0.18, True","11.00, 0.15, True","16.00, 0.13, True","12.00, 0.07, True",A,0.32
template_5,"5.00, 0.42, False","16.00, 0.86, False","11.00, 1.00, False","16.00, 1.00, False","15.00, 1.00, True",None,"16.00, 1.00, None","9.00, 1.00, True","17.00, 1.00, True","9.00, 1.00, True","16.00, 0.86, True","21.00, 0.88, True","18.00, 0.87, True","15.00, 0.86, True","15.00, 0.86, True","13.00, 0.85, True","12.00, 0.70, True","12.00, 0.70, True","10.00, 0.68, True","16.00, 0.74, True","15.00, 0.73, True","12.00, 0.70, True","8.00, 0.65, True","11.00, 0.56, True","15.00, 0.61, True","15.00, 0.61, True","15.00, 0.61, True","14.00, 0.60, True","11.00, 0.56, True","16.00, 0.62, True","11.00, 0.56, True","13.00, 0.58, True","10.00, 0.42, True","11.00, 0.44, True","12.00, 0.46, True","18.00, 0.53, True","13.00, 0.47, True","9.00, 0.40, True","13.00, 0.47, True","6.00, 0.33, True","17.00, 0.43, True","14.00, 0.39, True","9.00, 0.31, True","13.00, 0.38, True","12.00, 0.36, True","17.00, 0.35, True","13.00, 0.30, True","11.00, 0.26, True","12.00, 0.28, True","13.00, 0.30, True","12.00, 0.22, True","13.00, 0.23, True","14.00, 0.19, True","15.00, 0.20, True","11.00, 0.08, True","6.00, 0.02, True",A,0.32
template_28,"12.00, 0.57, False","17.00, 0.87, False","16.00, 1.00, False","17.00, 1.00, False","15.00, 1.00, True","16.00, 1.00, True",None,"16.00, 1.00, True","15.00, 1.00, True","15.00, 1.00, True","12.00, 0.85, True","16.00, 0.86, True","19.00, 0.87, True","14.00, 0.86, True","11.00, 0.84, True","10.00, 0.83, True","17.00, 0.74, True","13.00, 0.71, True","12.00, 0.70, True","9.00, 0.66, True","16.00, 0.74, True","11.00, 0.69, True","14.00, 0.72, True","14.00, 0.60, True","14.00, 0.60, True","15.00, 0.61, True","10.00, 0.54, True","13.00, 0.58, True","15.00, 0.61, True","15.00, 0.61, True","11.00, 0.56, True","10.00, 0.54, True","11.00, 0.44, True","10.00, 0.42, True","12.00, 0.46, True","17.00, 0.52, True","12.00, 0.46, True","15.00, 0.50, True","14.00, 0.49, True","9.00, 0.40, True","15.00, 0.41, True","17.00, 0.43, True","12.00, 0.36, True","7.00, 0.26, True","13.00, 0.38, True","13.00, 0.30, True","15.00, 0.32, True","10.00, 0.25, True","10.00, 0.25, True","12.00, 0.28, True","12.00, 0.22, True","11.00, 0.20, True","12.00, 0.16, True","13.00, 0.18, True","8.00, 0.05, True","12.00, 0.07, True",A,0.32
template_19,"8.00, 0.38, False","17.00, 0.74, False","17.00, 0.87, False","18.00, 0.87, False","19.00, 1.00, False","9.00, 1.00, False","16.00, 1.00, False",None,"16.00, 1.00, None","8.00, 1.00, None","18.00, 1.00, True","17.00, 1.00, True","18.00, 1.00, True","14.00, 1.00, True","14.00, 1.00, True","14.00, 1.00, True","16.00, 0.86, True","12.00, 0.85, True","11.00, 0.84, True","14.00, 0.86, True","20.00, 0.88, True","10.00, 0.83, True","11.00, 0.84, True","10.00, 0.68, True","17.00, 0.74, True","16.00, 0.74, True","15.00, 0.73, True","15.00, 0.73, True","10.00, 0.68, True","17.00, 0.74, True","16.00, 0.74, True","12.00, 0.70, True","13.00, 0.58, True","15.00, 0.61, True","14.00, 0.60, True","20.00, 0.65, True","11.00, 0.56, True","10.00, 0.54, True","13.00, 0.58, True","11.00, 0.56, True","19.00, 0.54, True","13.00, 0.47, True","13.00, 0.47, True","10.00, 0.42, True","11.00, 0.44, True","18.00, 0.44, True","14.00, 0.39, True","12.00, 0.36, True","10.00, 0.33, True","16.00, 0.42, True","16.00, 0.34, True","14.00, 0.31, True","15.00, 0.26, True","17.00, 0.28, True","11.00, 0.11, True","8.00, 0.05, True",A,0.31
template_35,"13.00, 0.47, False","12.00, 0.70, False","16.00, 0.86, False","15.00, 0.86, False","15.00, 1.00, False","17.00, 1.00, False","15.00, 1.00, False","16.00, 1.00, True",None,"14.00, 1.00, None","16.00, 1.00, True","13.00, 1.00, True","18.00, 1.00, True","8.00, 1.00, True","16.00, 1.00, True","14.00, 1.00, True","18.00, 0.87, True","14.00, 0.86, True","13.00, 0.85, True","13.00, 0.85, True","19.00, 0.87, True","14.00, 0.86, True","16.00, 0.86, True","7.00, 0.63, True","17.00, 0.74, True","17.00, 0.74, True","11.00, 0.69, True","16.00, 0.74, True","16.00, 0.74, True","13.00, 0.71, True","15.00, 0.73, True","14.00, 0.72, True","15.00, 0.61, True","16.00, 0.62, True","15.00, 0.61, True","20.00, 0.65, True","13.00, 0.58, True","16.00, 0.62, True","11.00, 0.56, True","13.00, 0.58, True","19.00, 0.54, True","13.00, 0.47, True","16.00, 0.51, True","9.00, 0.40, True","12.00, 0.46, True","16.00, 0.42, True","13.00, 0.38, True","9.00, 0.31, True","12.00, 0.36, True","16.00, 0.42, True","17.00, 0.35, True","16.00, 0.34, True","14.00, 0.24, True","15.00, 0.26, True","14.00, 0.14, True","12.00, 0.09, True",A,0.31
template_21,"4.00, 0.27, False","15.00, 0.73, False","14.00, 0.86, False","17.00, 0.87, False","16.00, 1.00, False","9.00, 1.00, False","15.00, 1.00, False","8.00, 1.00, True","14.00, 1.00, True",None,"14.00, 1.00, True","16.00, 1.00, True","15.00, 1.00, True","17.00, 1.00, True","10.00, 1.00, True","12.00, 1.00, True","14.00, 0.86, True","11.00, 0.84, True","13.00, 0.85, True","16.00, 0.86, True","17.00, 0.87, True","12.00, 0.85, True","12.00, 0.85, True","11.00, 0.69, True","14.00, 0.72, True","14.00, 0.72, True","12.00, 0.70, True","13.00, 0.71, True","13.00, 0.71, True","16.00, 0.74, True","12.00, 0.70, True","11.00, 0.69, True","11.00, 0.56, True","13.00, 0.58, True","11.00, 0.56, True","18.00, 0.64, True","11.00, 0.56, True","11.00, 0.56, True","11.00, 0.56, True","10.00, 0.54, True","16.00, 0.51, True","12.00, 0.46, True","13.00, 0.47, True","13.00, 0.47, True","13.00, 0.47, True","19.00, 0.45, True","12.00, 0.36, True","10.00, 0.33, True","8.00, 0.29, True","14.00, 0.39, True","15.00, 0.32, True","12.00, 0.28, True","11.00, 0.20, True","15.00, 0.26, True","11.00, 0.11, True","7.00, 0.04, True",A,0.31
template_42,"13.00, 0.38, False","18.00, 0.64, False","17.00, 0.74, False","14.00, 0.72, False","16.00, 0.86, False","16.00, 0.86, False","12.00, 0.85, False","18.00, 1.00, False","16.00, 1.00, False","14.00, 1.00, False",None,"17.00, 1.00, None","17.00, 1.00, None","21.00, 1.00, None","12.00, 1.00, None","14.00, 1.00, None","16.00, 1.00, True","13.00, 1.00, True","18.00, 1.00, True","15.00, 1.00, True","15.00, 1.00, True","15.00, 1.00, True","16.00, 1.00, True","16.00, 0.86, True","15.00, 0.86, True","13.00, 0.85, True","11.00, 0.84, True","13.00, 0.85, True","18.00, 0.87, True","15.00, 0.86, True","12.00, 0.85, True","13.00, 0.85, True","11.00, 0.69, True","13.00, 0.71, True","13.00, 0.71, True","14.00, 0.72, True","14.00, 0.72, True","18.00, 0.75, True","15.00, 0.73, True","15.00, 0.73, True","11.00, 0.56, True","14.00, 0.60, True","14.00, 0.60, True","13.00, 0.58, True","19.00, 0.64, True","13.00, 0.47, True","11.00, 0.44, True","8.00, 0.38, True","12.00, 0.46, True","14.00, 0.49, True","10.00, 0.33, True","8.00, 0.29, True","11.00, 0.26, True","11.00, 0.26, True","13.00, 0.18, True","10.00, 0.10, True",A,0.3
template_34,"17.00, 0.43, False","19.00, 0.64, False","20.00, 0.76, False","14.00, 0.72, False","17.00, 0.87, False","21.00, 0.88, False","16.00, 0.86, False","17.00, 1.00, False","13.00, 1.00, False","16.00, 1.00, False","17.00, 1.00, True",None,"18.00, 1.00, None","14.00, 1.00, None","16.00, 1.00, None","16.00, 1.00, None","21.00, 1.00, True","13.00, 1.00, True","15.00, 1.00, True","13.00, 1.00, True","19.00, 1.00, True","16.00, 1.00, True","20.00, 1.00, True","15.00, 0.86, True","16.00, 0.86, True","15.00, 0.86, True","13.00, 0.85, True","16.00, 0.86, True","18.00, 0.87, True","16.00, 0.86, True","18.00, 0.87, True","15.00, 0.86, True","16.00, 0.74, True","19.00, 0.76, True","15.00, 0.73, True","18.00, 0.75, True","13.00, 0.71, True","20.00, 0.76, True","13.00, 0.71, True","15.00, 0.73, True","14.00, 0.60, True","18.00, 0.64, True","20.00, 0.65, True","8.00, 0.50, True","17.00, 0.63, True","11.00, 0.44, True","16.00, 0.51, True","11.00, 0.44, True","12.00, 0.46, True","15.00, 0.50, True","14.00, 0.39, True","14.00, 0.39, True","12.00, 0.28, True","16.00, 0.34, True","12.00, 0.16, True","13.00, 0.13, True",A,0.3
template_51,"15.00, 0.41, False","16.00, 0.62, False","18.00, 0.75, False","18.00, 0.75, False","15.00, 0.86, False","18.00, 0.87, False","19.00, 0.87, False","18.00, 1.00, False","18.00, 1.00, False","15.00, 1.00, False","17.00, 1.00, True","18.00, 1.00, True",None,"16.00, 1.00, None","19.00, 1.00, None","20.00, 1.00, None","19.00, 1.00, True","20.00, 1.00, True","16.00, 1.00, True","18.00, 1.00, True","20.00, 1.00, True","18.00, 1.00, True","18.00, 1.00, True","15.00, 0.86, True","13.00, 0.85, True","10.00, 0.83, True","17.00, 0.87, True","21.00, 0.88, True","17.00, 0.87, True","16.00, 0.86, True","21.00, 0.88, True","20.00, 0.88, True","16.00, 0.74, True","20.00, 0.76, True","18.00, 0.75, True","11.00, 0.69, True","18.00, 0.75, True","18.00, 0.75, True","15.00, 0.73, True","15.00, 0.73, True","13.00, 0.58, True","13.00, 0.58, True","19.00, 0.64, True","16.00, 0.62, True","15.00, 0.61, True","16.00, 0.51, True","9.00, 0.40, True","15.00, 0.50, True","14.00, 0.49, True","17.00, 0.52, True","13.00, 0.38, True","16.00, 0.42, True","11.00, 0.26, True","7.00, 0.19, True","18.00, 0.23, True","14.00, 0.14, True",A,0.3
template_37,"14.00, 0.39, False","12.00, 0.57, False","14.00, 0.72, False","15.00, 0.73, False","11.00, 0.84, False","15.00, 0.86, False","14.00, 0.86, False","14.00, 1.00, False","8.00, 1.00, False","17.00, 1.00, False","21.00, 1.00, True","14.00, 1.00, True","16.00, 1.00, True",None,"20.00, 1.00, None","15.00, 1.00, None","19.00, 1.00, True","17.00, 1.00, True","11.00, 1.00, True","11.00, 1.00, True","21.00, 1.00, True","14.00, 1.00, True","14.00, 1.00, True","8.00, 0.81, True","17.00, 0.87, True","16.00, 0.86, True","16.00, 0.86, True","19.00, 0.87, True","15.00, 0.86, True","13.00, 0.85, True","17.00, 0.87, True","17.00, 0.87, True","14.00, 0.72, True","15.00, 0.73, True","17.00, 0.74, True","17.00, 0.74, True","12.00, 0.70, True","15.00, 0.73, True","9.00, 0.66, True","12.00, 0.70, True","18.00, 0.64, True","13.00, 0.58, True","15.00, 0.61, True","9.00, 0.52, True","9.00, 0.52, True","13.00, 0.47, True","13.00, 0.47, True","11.00, 0.44, True","13.00, 0.47, True","14.00, 0.49, True","15.00, 0.41, True","16.00, 0.42, True","14.00, 0.31, True","14.00, 0.31, True","14.00, 0.19, True","13.00, 0.13, True",A,0.3
template_22,"13.00, 0.38, False","18.00, 0.64, False","15.00, 0.73, False","19.00, 0.76, False","19.00, 0.87, False","15.00, 0.86, False","11.00, 0.84, False","14.00, 1.00, False","16.00, 1.00, False","10.00, 1.00, False","12.00, 1.00, True","16.00, 1.00, True","19.00, 1.00, True","20.00, 1.00, True",None,"8.00, 1.00, None","16.00, 1.00, True","6.00, 1.00, True","12.00, 1.00, True","15.00, 1.00, True","15.00, 1.00, True","12.00, 1.00, True","16.00, 1.00, True","15.00, 0.86, True","16.00, 0.86, True","16.00, 0.86, True","10.00, 0.83, True","10.00, 0.83, True","14.00, 0.86, True","19.00, 0.87, True","10.00, 0.83, True","9.00, 0.82, True","9.00, 0.66, True","8.00, 0.65, True","11.00, 0.69, True","19.00, 0.76, True","8.00, 0.65, True","13.00, 0.71, True","15.00, 0.73, True","14.00, 0.72, True","14.00, 0.60, True","17.00, 0.63, True","13.00, 0.58, True","10.00, 0.54, True","18.00, 0.64, True","17.00, 0.52, True","16.00, 0.51, True","11.00, 0.44, True","7.00, 0.36, True","11.00, 0.44, True","15.00, 0.41, True","12.00, 0.36, True","12.00, 0.28, True","14.00, 0.31, True","6.00, 0.08, True","9.00, 0.09, True",A,0.3
template_14,"11.00, 0.34, False","16.00, 0.62, False","12.00, 0.70, False","15.00, 0.73, False","14.00, 0.86, False","13.00, 0.85, False","10.00, 0.83, False","14.00, 1.00, False","14.00, 1.00, False","12.00, 1.00, False","14.00, 1.00, True","16.00, 1.00, True","20.00, 1.00, True","15.00, 1.00, True","8.00, 1.00, True",None,"16.00, 1.00, True","7.00, 1.00, True","11.00, 1.00, True","12.00, 1.00, True","16.00, 1.00, True","11.00, 1.00, True","12.00, 1.00, True","13.00, 0.85, True","16.00, 0.86, True","16.00, 0.86, True","10.00, 0.83, True","11.00, 0.84, True","15.00, 0.86, True","15.00, 0.86, True","8.00, 0.81, True","10.00, 0.83, True","10.00, 0.68, True","9.00, 0.66, True","11.00, 0.69, True","17.00, 0.74, True","6.00, 0.61, True","13.00, 0.71, True","11.00, 0.69, True","12.00, 0.70, True","18.00, 0.64, True","15.00, 0.61, True","12.00, 0.57, True","8.00, 0.50, True","17.00, 0.63, True","16.00, 0.51, True","16.00, 0.51, True","9.00, 0.40, True","6.00, 0.33, True","13.00, 0.47, True","16.00, 0.42, True","16.00, 0.42, True","13.00, 0.30, True","15.00, 0.32, True","7.00, 0.09, True","10.00, 0.10, True",A,0.3
template_13,"9.00, 0.23, False","17.00, 0.52, False","8.00, 0.50, False","20.00, 0.65, False","16.00, 0.74, False","12.00, 0.70, False","17.00, 0.74, False","16.00, 0.86, False","18.00, 0.87, False","14.00, 0.86, False","16.00, 1.00, False","21.00, 1.00, False","19.00, 1.00, False","19.00, 1.00, False","16.00, 1.00, False","16.00, 1.00, False",None,"16.00, 1.00, None","16.00, 1.00, None","21.00, 1.00, None","19.00, 1.00, None","14.00, 1.00, None","14.00, 1.00, None","18.00, 1.00, True","21.00, 1.00, True","15.00, 1.00, True","20.00, 1.00, True","19.00, 1.00, True","16.00, 1.00, True","16.00, 1.00, True","13.00, 1.00, True","14.00, 1.00, True","14.00, 0.86, True","17.00, 0.87, True","14.00, 0.86, True","18.00, 0.87, True","16.00, 0.86, True","10.00, 0.83, True","13.00, 0.85, True","10.00, 0.83, True","19.00, 0.76, True","14.00, 0.72, True","11.00, 0.69, True","19.00, 0.76, True","14.00, 0.72, True","21.00, 0.66, True","13.00, 0.58, True","18.00, 0.64, True","14.00, 0.60, True","19.00, 0.64, True","17.00, 0.52, True","17.00, 0.52, True","16.00, 0.42, True","13.00, 0.38, True","15.00, 0.26, True","6.00, 0.08, True",A,0.29
template_24,"13.00, 0.30, False","17.00, 0.52, False","14.00, 0.60, False","16.00, 0.62, False","18.00, 0.75, False","12.00, 0.70, False","13.00, 0.71, False","12.00, 0.85, False","14.00, 0.86, False","11.00, 0.84, False","13.00, 1.00, False","13.00, 1.00, False","20.00, 1.00, False","17.00, 1.00, False","6.00, 1.00, False","7.00, 1.00, False","16.00, 1.00, True",None,"12.00, 1.00, None","12.00, 1.00, None","14.00, 1.00, None","14.00, 1.00, None","14.00, 1.00, None","13.00, 1.00, True","17.00, 1.00, True","17.00, 1.00, True","8.00, 1.00, True","8.00, 1.00, True","15.00, 1.00, True","18.00, 1.00, True","8.00, 1.00, True","10.00, 1.00, True","8.00, 0.81, True","8.00, 0.81, True","9.00, 0.82, True","20.00, 0.88, True","7.00, 0.80, True","13.00, 0.85, True","14.00, 0.86, True","13.00, 0.85, True","14.00, 0.72, True","15.00, 0.73, True","13.00, 0.71, True","9.00, 0.66, True","17.00, 0.74, True","16.00, 0.62, True","16.00, 0.62, True","8.00, 0.50, True","9.00, 0.52, True","10.00, 0.54, True","15.00, 0.50, True","12.00, 0.46, True","11.00, 0.34, True","16.00, 0.42, True","5.00, 0.10, True","8.00, 0.11, True",A,0.29
template_23,"11.00, 0.26, False","16.00, 0.51, False","9.00, 0.52, False","15.00, 0.61, False","13.00, 0.71, False","10.00, 0.68, False","12.00, 0.70, False","11.00, 0.84, False","13.00, 0.85, False","13.00, 0.85, False","18.00, 1.00, False","15.00, 1.00, False","16.00, 1.00, False","11.00, 1.00, False","12.00, 1.00, False","11.00, 1.00, False","16.00, 1.00, True","12.00, 1.00, True",None,"15.00, 1.00, None","21.00, 1.00, None","9.00, 1.00, None","11.00, 1.00, None","13.00, 1.00, True","19.00, 1.00, True","19.00, 1.00, True","15.00, 1.00, True","17.00, 1.00, True","10.00, 1.00, True","20.00, 1.00, True","14.00, 1.00, True","14.00, 1.00, True","13.00, 0.85, True","13.00, 0.85, True","16.00, 0.86, True","20.00, 0.88, True","12.00, 0.85, True","10.00, 0.83, True","13.00, 0.85, True","6.00, 0.79, True","20.00, 0.76, True","17.00, 0.74, True","12.00, 0.70, True","11.00, 0.69, True","15.00, 0.73, True","18.00, 0.64, True","17.00, 0.63, True","13.00, 0.58, True","10.00, 0.54, True","15.00, 0.61, True","16.00, 0.51, True","17.00, 0.52, True","15.00, 0.41, True","14.00, 0.39, True","13.00, 0.23, True","10.00, 0.14, True",A,0.29
template_32,"12.00, 0.28, False","15.00, 0.50, False","17.00, 0.63, False","13.00, 0.58, False","15.00, 0.73, False","16.00, 0.74, False","9.00, 0.66, False","14.00, 0.86, False","13.00, 0.85, False","16.00, 0.86, False","15.00, 1.00, False","13.00, 1.00, False","18.00, 1.00, False","11.00, 1.00, False","15.00, 1.00, False","12.00, 1.00, False","21.00, 1.00, True","12.00, 1.00, True","15.00, 1.00, True",None,"16.00, 1.00, None","15.00, 1.00, None","17.00, 1.00, None","13.00, 1.00, True","13.00, 1.00, True","15.00, 1.00, True","10.00, 1.00, True","13.00, 1.00, True","17.00, 1.00, True","15.00, 1.00, True","15.00, 1.00, True","14.00, 1.00, True","13.00, 0.85, True","13.00, 0.85, True","13.00, 0.85, True","16.00, 0.86, True","11.00, 0.84, True","18.00, 0.87, True","14.00, 0.86, True","14.00, 0.86, True","15.00, 0.73, True","16.00, 0.74, True","17.00, 0.74, True","9.00, 0.66, True","17.00, 0.74, True","13.00, 0.58, True","14.00, 0.60, True","9.00, 0.52, True","14.00, 0.60, True","11.00, 0.56, True","13.00, 0.47, True","12.00, 0.46, True","12.00, 0.36, True","15.00, 0.41, True","9.00, 0.17, True","13.00, 0.18, True",A,0.29
template_12,"14.00, 0.31, False","20.00, 0.55, False","15.00, 0.61, False","18.00, 0.64, False","19.00, 0.76, False","15.00, 0.73, False","16.00, 0.74, False","20.00, 0.88, False","19.00, 0.87, False","17.00, 0.87, False","15.00, 1.00, False","19.00, 1.00, False","20.00, 1.00, False","21.00, 1.00, False","15.00, 1.00, False","16.00, 1.00, False","19.00, 1.00, True","14.00, 1.00, True","21.00, 1.00, True","16.00, 1.00, True",None,"19.00, 1.00, None","17.00, 1.00, None","18.00, 1.00, True","16.00, 1.00, True","17.00, 1.00, True","15.00, 1.00, True","9.00, 1.00, True","19.00, 1.00, True","17.00, 1.00, True","9.00, 1.00, True","11.00, 1.00, True","10.00, 0.83, True","11.00, 0.84, True","7.00, 0.80, True","16.00, 0.86, True","13.00, 0.85, True","20.00, 0.88, True","20.00, 0.88, True","16.00, 0.86, True","12.00, 0.70, True","16.00, 0.74, True","14.00, 0.72, True","16.00, 0.74, True","19.00, 0.76, True","13.00, 0.58, True","13.00, 0.58, True","12.00, 0.57, True","12.00, 0.57, True","9.00, 0.52, True","14.00, 0.49, True","12.00, 0.46, True","13.00, 0.38, True","12.00, 0.36, True","6.00, 0.12, True","12.00, 0.16, True",A,0.29
template_15,"9.00, 0.23, False","17.00, 0.52, False","8.00, 0.50, False","15.00, 0.61, False","14.00, 0.72, False","12.00, 0.70, False","11.00, 0.69, False","10.00, 0.83, False","14.00, 0.86, False","12.00, 0.85, False","15.00, 1.00, False","16.00, 1.00, False","18.00, 1.00, False","14.00, 1.00, False","12.00, 1.00, False","11.00, 1.00, False","14.00, 1.00, True","14.00, 1.00, True","9.00, 1.00, True","15.00, 1.00, True","19.00, 1.00, True",None,"13.00, 1.00, None","15.00, 1.00, True","16.00, 1.00, True","16.00, 1.00, True","16.00, 1.00, True","17.00, 1.00, True","10.00, 1.00, True","17.00, 1.00, True","14.00, 1.00, True","12.00, 1.00, True","15.00, 0.86, True","15.00, 0.86, True","15.00, 0.86, True","19.00, 0.87, True","12.00, 0.85, True","13.00, 0.85, True","12.00, 0.85, True","10.00, 0.83, True","19.00, 0.76, True","14.00, 0.72, True","14.00, 0.72, True","10.00, 0.68, True","15.00, 0.73, True","16.00, 0.62, True","15.00, 0.61, True","14.00, 0.60, True","10.00, 0.54, True","17.00, 0.63, True","15.00, 0.50, True","14.00, 0.49, True","13.00, 0.38, True","14.00, 0.39, True","12.00, 0.22, True","9.00, 0.12, True",A,0.29
template_17,"8.00, 0.21, False","10.00, 0.42, False","11.00, 0.56, False","11.00, 0.56, False","16.00, 0.74, False","8.00, 0.65, False","14.00, 0.72, False","11.00, 0.84, False","16.00, 0.86, False","12.00, 0.85, False","16.00, 1.00, False","20.00, 1.00, False","18.00, 1.00, False","14.00, 1.00, False","16.00, 1.00, False","12.00, 1.00, False","14.00, 1.00, True","14.00, 1.00, True","11.00, 1.00, True","17.00, 1.00, True","17.00, 1.00, True","13.00, 1.00, True",None,"15.00, 1.00, True","18.00, 1.00, True","16.00, 1.00, True","17.00, 1.00, True","15.00, 1.00, True","13.00, 1.00, True","14.00, 1.00, True","13.00, 1.00, True","12.00, 1.00, True","10.00, 0.83, True","10.00, 0.83, True","12.00, 0.85, True","18.00, 0.87, True","12.00, 0.85, True","13.00, 0.85, True","14.00, 0.86, True","8.00, 0.81, True","17.00, 0.74, True","12.00, 0.70, True","4.00, 0.55, True","14.00, 0.72, True","15.00, 0.73, True","14.00, 0.60, True","12.00, 0.57, True","12.00, 0.57, True","12.00, 0.57, True","12.00, 0.57, True","14.00, 0.49, True","13.00, 0.47, True","13.00, 0.38, True","13.00, 0.38, True","12.00, 0.22, True","8.00, 0.11, True",A,0.29
template_33,"11.00, 0.20, False","12.00, 0.36, False","14.00, 0.49, False","14.00, 0.49, False","11.00, 0.56, False","11.00, 0.56, False","14.00, 0.60, False","10.00, 0.68, False","7.00, 0.63, False","11.00, 0.69, False","16.00, 0.86, False","15.00, 0.86, False","15.00, 0.86, False","8.00, 0.81, False","15.00, 0.86, False","13.00, 0.85, False","18.00, 1.00, False","13.00, 1.00, False","13.00, 1.00, False","13.00, 1.00, False","18.00, 1.00, False","15.00, 1.00, False","15.00, 1.00, False",None,"16.00, 1.00, None","16.00, 1.00, None","13.00, 1.00, None","15.00, 1.00, None","18.00, 1.00, None","14.00, 1.00, None","15.00, 1.00, None","13.00, 1.00, None","11.00, 1.00, True","13.00, 1.00, True","15.00, 1.00, True","18.00, 1.00, True","12.00, 1.00, True","14.00, 1.00, True","11.00, 1.00, True","12.00, 1.00, True","19.00, 0.87, True","11.00, 0.84, True","15.00, 0.86, True","9.00, 0.82, True","10.00, 0.83, True","16.00, 0.74, True","10.00, 0.68, True","9.00, 0.66, True","11.00, 0.69, True","14.00, 0.72, True","17.00, 0.63, True","16.00, 0.62, True","14.00, 0.49, True","14.00, 0.49, True","13.00, 0.30, True","12.00, 0.22, True",A,0.28
template_48,"13.00, 0.23, False","14.00, 0.39, False","18.00, 0.53, False","13.00, 0.47, False","17.00, 0.63, False","15.00, 0.61, False","14.00, 0.60, False","17.00, 0.74, False","17.00, 0.74, False","14.00, 0.72, False","15.00, 0.86, False","16.00, 0.86, False","13.00, 0.85, False","17.00, 0.87, False","16.00, 0.86, False","16.00, 0.86, False","21.00, 1.00, False","17.00, 1.00, False","19.00, 1.00, False","13.00, 1.00, False","16.00, 1.00, False","16.00, 1.00, False","18.00, 1.00, False","16.00, 1.00, True",None,"14.00, 1.00, None","14.00, 1.00, None","18.00, 1.00, None","18.00, 1.00, None","18.00, 1.00, None","20.00, 1.00, None","19.00, 1.00, None","15.00, 1.00, True","16.00, 1.00, True","18.00, 1.00, True","16.00, 1.00, True","16.00, 1.00, True","20.00, 1.00, True","17.00, 1.00, True","17.00, 1.00, True","10.00, 0.83, True","15.00, 0.86, True","18.00, 0.87, True","14.00, 0.86, True","19.00, 0.87, True","13.00, 0.71, True","11.00, 0.69, True","11.00, 0.69, True","14.00, 0.72, True","14.00, 0.72, True","8.00, 0.50, True","10.00, 0.54, True","9.00, 0.40, True","14.00, 0.49, True","12.00, 0.28, True","14.00, 0.24, True",A,0.28
template_55,"12.00, 0.22, False","13.00, 0.38, False","15.00, 0.50, False","17.00, 0.52, False","14.00, 0.60, False","15.00, 0.61, False","15.00, 0.61, False","16.00, 0.74, False","17.00, 0.74, False","14.00, 0.72, False","13.00, 0.85, False","15.00, 0.86, False","10.00, 0.83, False","16.00, 0.86, False","16.00, 0.86, False","16.00, 0.86, False","15.00, 1.00, False","17.00, 1.00, False","19.00, 1.00, False","15.00, 1.00, False","17.00, 1.00, False","16.00, 1.00, False","16.00, 1.00, False","16.00, 1.00, True","14.00, 1.00, True",None,"15.00, 1.00, None","17.00, 1.00, None","15.00, 1.00, None","14.00, 1.00, None","19.00, 1.00, None","17.00, 1.00, None","14.00, 1.00, True","19.00, 1.00, True","16.00, 1.00, True","9.00, 1.00, True","15.00, 1.00, True","16.00, 1.00, True","12.00, 1.00, True","16.00, 1.00, True","12.00, 0.85, True","11.00, 0.84, True","16.00, 0.86, True","14.00, 0.86, True","13.00, 0.85, True","16.00, 0.74, True","9.00, 0.66, True","14.00, 0.72, True","14.00, 0.72, True","16.00, 0.74, True","12.00, 0.57, True","13.00, 0.58, True","9.00, 0.40, True","9.00, 0.40, True","16.00, 0.34, True","11.00, 0.20, True",A,0.28
template_40,"12.00, 0.22, False","15.00, 0.41, False","16.00, 0.51, False","13.00, 0.47, False","17.00, 0.63, False","15.00, 0.61, False","10.00, 0.54, False","15.00, 0.73, False","11.00, 0.69, False","12.00, 0.70, False","11.00, 0.84, False","13.00, 0.85, False","17.00, 0.87, False","16.00, 0.86, False","10.00, 0.83, False","10.00, 0.83, False","20.00, 1.00, False","8.00, 1.00, False","15.00, 1.00, False","10.00, 1.00, False","15.00, 1.00, False","16.00, 1.00, False","17.00, 1.00, False","13.00, 1.00, True","14.00, 1.00, True","15.00, 1.00, True",None,"12.00, 1.00, None","15.00, 1.00, None","16.00, 1.00, None","14.00, 1.00, None","14.00, 1.00, None","13.00, 1.00, True","14.00, 1.00, True","14.00, 1.00, True","17.00, 1.00, True","13.00, 1.00, True","16.00, 1.00, True","15.00, 1.00, True","16.00, 1.00, True","14.00, 0.86, True","15.00, 0.86, True","18.00, 0.87, True","8.00, 0.81, True","17.00, 0.87, True","15.00, 0.73, True","13.00, 0.71, True","5.00, 0.58, True","12.00, 0.70, True","14.00, 0.72, True","16.00, 0.62, True","14.00, 0.60, True","14.00, 0.49, True","15.00, 0.50, True","9.00, 0.23, True","11.00, 0.20, True",A,0.28
template_10,"13.00, 0.23, False","17.00, 0.43, False","16.00, 0.51, False","19.00, 0.54, False","18.00, 0.64, False","14.00, 0.60, False","13.00, 0.58, False","15.00, 0.73, False","16.00, 0.74, False","13.00, 0.71, False","13.00, 0.85, False","16.00, 0.86, False","21.00, 0.88, False","19.00, 0.87, False","10.00, 0.83, False","11.00, 0.84, False","19.00, 1.00, False","8.00, 1.00, False","17.00, 1.00, False","13.00, 1.00, False","9.00, 1.00, False","17.00, 1.00, False","15.00, 1.00, False","15.00, 1.00, True","18.00, 1.00, True","17.00, 1.00, True","12.00, 1.00, True",None,"18.00, 1.00, None","18.00, 1.00, None","8.00, 1.00, None","9.00, 1.00, None","7.00, 1.00, True","9.00, 1.00, True","7.00, 1.00, True","20.00, 1.00, True","10.00, 1.00, True","16.00, 1.00, True","16.00, 1.00, True","16.00, 1.00, True","13.00, 0.85, True","17.00, 0.87, True","14.00, 0.86, True","13.00, 0.85, True","20.00, 0.88, True","14.00, 0.72, True","16.00, 0.74, True","9.00, 0.66, True","10.00, 0.68, True","7.00, 0.63, True","12.00, 0.57, True","11.00, 0.56, True","12.00, 0.46, True","14.00, 0.49, True","6.00, 0.17, True","11.00, 0.20, True",A,0.28
template_25,"11.00, 0.20, False","16.00, 0.42, False","10.00, 0.42, False","16.00, 0.51, False","17.00, 0.63, False","11.00, 0.56, False","15.00, 0.61, False","10.00, 0.68, False","16.00, 0.74, False","13.00, 0.71, False","18.00, 0.87, False","18.00, 0.87, False","17.00, 0.87, False","15.00, 0.86, False","14.00, 0.86, False","15.00, 0.86, False","16.00, 1.00, False","15.00, 1.00, False","10.00, 1.00, False","17.00, 1.00, False","19.00, 1.00, False","10.00, 1.00, False","13.00, 1.00, False","18.00, 1.00, True","18.00, 1.00, True","15.00, 1.00, True","15.00, 1.00, True","18.00, 1.00, True",None,"20.00, 1.00, None","17.00, 1.00, None","16.00, 1.00, None","16.00, 1.00, True","17.00, 1.00, True","17.00, 1.00, True","16.00, 1.00, True","16.00, 1.00, True","7.00, 1.00, True","13.00, 1.00, True","13.00, 1.00, True","20.00, 0.88, True","18.00, 0.87, True","13.00, 0.85, True","16.00, 0.86, True","13.00, 0.85, True","19.00, 0.76, True","15.00, 0.73, True","14.00, 0.72, True","13.00, 0.71, True","18.00, 0.75, True","16.00, 0.62, True","17.00, 0.63, True","17.00, 0.52, True","15.00, 0.50, True","12.00, 0.28, True","7.00, 0.13, True",A,0.28
template_45,"13.00, 0.23, False","11.00, 0.34, False","15.00, 0.50, False","11.00, 0.44, False","13.00, 0.58, False","16.00, 0.62, False","15.00, 0.61, False","17.00, 0.74, False","13.00, 0.71, False","16.00, 0.74, False","15.00, 0.86, False","16.00, 0.86, False","16.00, 0.86, False","13.00, 0.85, False","19.00, 0.87, False","15.00, 0.86, False","16.00, 1.00, False","18.00, 1.00, False","20.00, 1.00, False","15.00, 1.00, False","17.00, 1.00, False","17.00, 1.00, False","14.00, 1.00, False","14.00, 1.00, True","18.00, 1.00, True","14.00, 1.00, True","16.00, 1.00, True","18.00, 1.00, True","20.00, 1.00, True",None,"15.00, 1.00, None","16.00, 1.00, None","15.00, 1.00, True","17.00, 1.00, True","14.00, 1.00, True","15.00, 1.00, True","14.00, 1.00, True","20.00, 1.00, True","14.00, 1.00, True","16.00, 1.00, True","18.00, 0.87, True","11.00, 0.84, True","14.00, 0.86, True","14.00, 0.86, True","15.00, 0.86, True","13.00, 0.71, True","12.00, 0.70, True","12.00, 0.70, True","12.00, 0.70, True","16.00, 0.74, True","16.00, 0.62, True","16.00, 0.62, True","17.00, 0.52, True","15.00, 0.50, True","15.00, 0.32, True","12.00, 0.22, True",A,0.28
template_0,"11.00, 0.20, False","16.00, 0.42, False","10.00, 0.42, False","17.00, 0.52, False","14.00, 0.60, False","11.00, 0.56, False","11.00, 0.56, False","16.00, 0.74, False","15.00, 0.73, False","12.00, 0.70, False","12.00, 0.85, False","18.00, 0.87, False","21.00, 0.88, False","17.00, 0.87, False","10.00, 0.83, False","8.00, 0.81, False","13.00, 1.00, False","8.00, 1.00, False","14.00, 1.00, False","15.00, 1.00, False","9.00, 1.00, False","14.00, 1.00, False","13.00, 1.00, False","15.00, 1.00, True","20.00, 1.00, True","19.00, 1.00, True","14.00, 1.00, True","8.00, 1.00, True","17.00, 1.00, True","15.00, 1.00, True",None,"9.00, 1.00, None","8.00, 1.00, True","8.00, 1.00, True","7.00, 1.00, True","21.00, 1.00, True","10.00, 1.00, True","15.00, 1.00, True","14.00, 1.00, True","11.00, 1.00, True","16.00, 0.86, True","18.00, 0.87, True","12.00, 0.85, True","14.00, 0.86, True","19.00, 0.87, True","15.00, 0.73, True","17.00, 0.74, True","11.00, 0.69, True","10.00, 0.68, True","11.00, 0.69, True","16.00, 0.62, True","15.00, 0.61, True","14.00, 0.49, True","14.00, 0.49, True","6.00, 0.17, True","8.00, 0.15, True",A,0.28
template_6,"9.00, 0.17, False","15.00, 0.41, False","11.00, 0.44, False","16.00, 0.51, False","14.00, 0.60, False","13.00, 0.58, False","10.00, 0.54, False","12.00, 0.70, False","14.00, 0.72, False","11.00, 0.69, False","13.00, 0.85, False","15.00, 0.86, False","20.00, 0.88, False","17.00, 0.87, False","9.00, 0.82, False","10.00, 0.83, False","14.00, 1.00, False","10.00, 1.00, False","14.00, 1.00, False","14.00, 1.00, False","11.00, 1.00, False","12.00, 1.00, False","12.00, 1.00, False","13.00, 1.00, True","19.00, 1.00, True","17.00, 1.00, True","14.00, 1.00, True","9.00, 1.00, True","16.00, 1.00, True","16.00, 1.00, True","9.00, 1.00, True",None,"5.00, 1.00, True","9.00, 1.00, True","6.00, 1.00, True","18.00, 1.00, True","8.00, 1.00, True","17.00, 1.00, True","14.00, 1.00, True","11.00, 1.00, True","18.00, 0.87, True","15.00, 0.86, True","10.00, 0.83, True","13.00, 0.85, True","16.00, 0.86, True","16.00, 0.74, True","16.00, 0.74, True","12.00, 0.70, True","6.00, 0.61, True","11.00, 0.69, True","16.00, 0.62, True","14.00, 0.60, True","15.00, 0.50, True","14.00, 0.49, True","7.00, 0.19, True","8.00, 0.15, True",A,0.28
template_4,"10.00, 0.14, False","14.00, 0.31, False","13.00, 0.38, False","16.00, 0.42, False","14.00, 0.49, False","10.00, 0.42, False","11.00, 0.44, False","13.00, 0.58, False","15.00, 0.61, False","11.00, 0.56, False","11.00, 0.69, False","16.00, 0.74, False","16.00, 0.74, False","14.00, 0.72, False","9.00, 0.66, False","10.00, 0.68, False","14.00, 0.86, False","8.00, 0.81, False","13.00, 0.85, False","13.00, 0.85, False","10.00, 0.83, False","15.00, 0.86, False","10.00, 0.83, False","11.00, 1.00, False","15.00, 1.00, False","14.00, 1.00, False","13.00, 1.00, False","7.00, 1.00, False","16.00, 1.00, False","15.00, 1.00, False","8.00, 1.00, False","5.00, 1.00, False",None,"6.00, 1.00, None","7.00, 1.00, None","16.00, 1.00, None","8.00, 1.00, None","16.00, 1.00, None","13.00, 1.00, None","12.00, 1.00, None","13.00, 1.00, True","13.00, 1.00, True","9.00, 1.00, True","14.00, 1.00, True","16.00, 1.00, True","15.00, 0.86, True","13.00, 0.85, True","10.00, 0.83, True","8.00, 0.81, True","8.00, 0.81, True","11.00, 0.69, True","11.00, 0.69, True","13.00, 0.58, True","13.00, 0.58, True","6.00, 0.24, True","9.00, 0.23, True",A,0.27
template_16,"13.00, 0.18, False","11.00, 0.26, False","13.00, 0.38, False","13.00, 0.38, False","15.00, 0.50, False","11.00, 0.44, False","10.00, 0.42, False","15.00, 0.61, False","16.00, 0.62, False","13.00, 0.58, False","13.00, 0.71, False","19.00, 0.76, False","20.00, 0.76, False","15.00, 0.73, False","8.00, 0.65, False","9.00, 0.66, False","17.00, 0.87, False","8.00, 0.81, False","13.00, 0.85, False","13.00, 0.85, False","11.00, 0.84, False","15.00, 0.86, False","10.00, 0.83, False","13.00, 1.00, False","16.00, 1.00, False","19.00, 1.00, False","14.00, 1.00, False","9.00, 1.00, False","17.00, 1.00, False","17.00, 1.00, False","8.00, 1.00, False","9.00, 1.00, False","6.00, 1.00, True",None,"10.00, 1.00, None","18.00, 1.00, None","10.00, 1.00, None","17.00, 1.00, None","15.00, 1.00, None","14.00, 1.00, None","14.00, 1.00, True","16.00, 1.00, True","9.00, 1.00, True","14.00, 1.00, True","18.00, 1.00, True","12.00, 0.85, True","17.00, 0.87, True","10.00, 0.83, True","11.00, 0.84, True","6.00, 0.79, True","12.00, 0.70, True","12.00, 0.70, True","12.00, 0.57, True","15.00, 0.61, True","5.00, 0.21, True","11.00, 0.26, True",A,0.27
template_8,"10.00, 0.14, False","16.00, 0.34, False","10.00, 0.33, False","16.00, 0.42, False","14.00, 0.49, False","12.00, 0.46, False","12.00, 0.46, False","14.00, 0.60, False","15.00, 0.61, False","11.00, 0.56, False","13.00, 0.71, False","15.00, 0.73, False","18.00, 0.75, False","17.00, 0.74, False","11.00, 0.69, False","11.00, 0.69, False","14.00, 0.86, False","9.00, 0.82, False","16.00, 0.86, False","13.00, 0.85, False","7.00, 0.80, False","15.00, 0.86, False","12.00, 0.85, False","15.00, 1.00, False","18.00, 1.00, False","16.00, 1.00, False","14.00, 1.00, False","7.00, 1.00, False","17.00, 1.00, False","14.00, 1.00, False","7.00, 1.00, False","6.00, 1.00, False","7.00, 1.00, True","10.00, 1.00, True",None,"20.00, 1.00, None","9.00, 1.00, None","16.00, 1.00, None","16.00, 1.00, None","12.00, 1.00, None","16.00, 1.00, True","14.00, 1.00, True","12.00, 1.00, True","16.00, 1.00, True","18.00, 1.00, True","15.00, 0.86, True","15.00, 0.86, True","13.00, 0.85, True","9.00, 0.82, True","10.00, 0.83, True","16.00, 0.74, True","13.00, 0.71, True","14.00, 0.60, True","15.00, 0.61, True","7.00, 0.26, True","10.00, 0.25, True",A,0.27
template_53,"16.00, 0.21, False","13.00, 0.30, False","16.00, 0.42, False","14.00, 0.39, False","14.00, 0.49, False","18.00, 0.53, False","17.00, 0.52, False","20.00, 0.65, False","20.00, 0.65, False","18.00, 0.64, False","14.00, 0.72, False","18.00, 0.75, False","11.00, 0.69, False","17.00, 0.74, False","19.00, 0.76, False","17.00, 0.74, False","18.00, 0.87, False","20.00, 0.88, False","20.00, 0.88, False","16.00, 0.86, False","16.00, 0.86, False","19.00, 0.87, False","18.00, 0.87, False","18.00, 1.00, False","16.00, 1.00, False","9.00, 1.00, False","17.00, 1.00, False","20.00, 1.00, False","16.00, 1.00, False","15.00, 1.00, False","21.00, 1.00, False","18.00, 1.00, False","16.00, 1.00, True","18.00, 1.00, True","20.00, 1.00, True",None,"19.00, 1.00, None","19.00, 1.00, None","13.00, 1.00, None","21.00, 1.00, None","14.00, 1.00, True","11.00, 1.00, True","17.00, 1.00, True","17.00, 1.00, True","14.00, 1.00, True","15.00, 0.86, True","9.00, 0.82, True","14.00, 0.86, True","17.00, 0.87, True","16.00, 0.86, True","12.00, 0.70, True","16.00, 0.74, True","14.00, 0.60, True","7.00, 0.48, True","16.00, 0.42, True","11.00, 0.26, True",A,0.27
template_18,"11.00, 0.15, False","15.00, 0.32, False","12.00, 0.36, False","13.00, 0.38, False","13.00, 0.47, False","13.00, 0.47, False","12.00, 0.46, False","11.00, 0.56, False","13.00, 0.58, False","11.00, 0.56, False","14.00, 0.72, False","13.00, 0.71, False","18.00, 0.75, False","12.00, 0.70, False","8.00, 0.65, False","6.00, 0.61, False","16.00, 0.86, False","7.00, 0.80, False","12.00, 0.85, False","11.00, 0.84, False","13.00, 0.85, False","12.00, 0.85, False","12.00, 0.85, False","12.00, 1.00, False","16.00, 1.00, False","15.00, 1.00, False","13.00, 1.00, False","10.00, 1.00, False","16.00, 1.00, False","14.00, 1.00, False","10.00, 1.00, False","8.00, 1.00, False","8.00, 1.00, True","10.00, 1.00, True","9.00, 1.00, True","19.00, 1.00, True",None,"16.00, 1.00, None","11.00, 1.00, None","14.00, 1.00, None","18.00, 1.00, True","15.00, 1.00, True","14.00, 1.00, True","11.00, 1.00, True","16.00, 1.00, True","14.00, 0.86, True","17.00, 0.87, True","11.00, 0.84, True","4.00, 0.75, True","12.00, 0.85, True","16.00, 0.74, True","14.00, 0.72, True","15.00, 0.61, True","15.00, 0.61, True","8.00, 0.29, True","10.00, 0.25, True",A,0.27
template_27,"10.00, 0.14, False","17.00, 0.35, False","9.00, 0.31, False","18.00, 0.44, False","16.00, 0.51, False","9.00, 0.40, False","15.00, 0.50, False","10.00, 0.54, False","16.00, 0.62, False","11.00, 0.56, False","18.00, 0.75, False","20.00, 0.76, False","18.00, 0.75, False","15.00, 0.73, False","13.00, 0.71, False","13.00, 0.71, False","10.00, 0.83, False","13.00, 0.85, False","10.00, 0.83, False","18.00, 0.87, False","20.00, 0.88, False","13.00, 0.85, False","13.00, 0.85, False","14.00, 1.00, False","20.00, 1.00, False","16.00, 1.00, False","16.00, 1.00, False","16.00, 1.00, False","7.00, 1.00, False","20.00, 1.00, False","15.00, 1.00, False","17.00, 1.00, False","16.00, 1.00, True","17.00, 1.00, True","16.00, 1.00, True","19.00, 1.00, True","16.00, 1.00, True",None,"13.00, 1.00, None","12.00, 1.00, None","22.00, 1.00, True","15.00, 1.00, True","12.00, 1.00, True","17.00, 1.00, True","12.00, 1.00, True","23.00, 0.89, True","14.00, 0.86, True","16.00, 0.86, True","14.00, 0.86, True","19.00, 0.87, True","18.00, 0.75, True","18.00, 0.75, True","18.00, 0.64, True","14.00, 0.60, True","13.00, 0.38, True","9.00, 0.23, True",A,0.27
template_39,"10.00, 0.14, False","12.00, 0.28, False","10.00, 0.33, False","14.00, 0.39, False","10.00, 0.42, False","13.00, 0.47, False","14.00, 0.49, False","13.00, 0.58, False","11.00, 0.56, False","11.00, 0.56, False","15.00, 0.73, False","13.00, 0.71, False","15.00, 0.73, False","9.00, 0.66, False","15.00, 0.73, False","11.00, 0.69, False","13.00, 0.85, False","14.00, 0.86, False","13.00, 0.85, False","14.00, 0.86, False","20.00, 0.88, False","12.00, 0.85, False","14.00, 0.86, False","11.00, 1.00, False","17.00, 1.00, False","12.00, 1.00, False","15.00, 1.00, False","16.00, 1.00, False","13.00, 1.00, False","14.00, 1.00, False","14.00, 1.00, False","14.00, 1.00, False","13.00, 1.00, True","15.00, 1.00, True","16.00, 1.00, True","13.00, 1.00, True","11.00, 1.00, True","13.00, 1.00, True",None,"13.00, 1.00, None","19.00, 1.00, True","13.00, 1.00, True","16.00, 1.00, True","11.00, 1.00, True","9.00, 1.00, True","16.00, 0.86, True","15.00, 0.86, True","11.00, 0.84, True","11.00, 0.84, True","16.00, 0.86, True","15.00, 0.73, True","16.00, 0.74, True","15.00, 0.61, True","12.00, 0.57, True","13.00, 0.38, True","9.00, 0.23, True",A,0.27
template_9,"5.00, 0.06, False","13.00, 0.30, False","8.00, 0.29, False","12.00, 0.36, False","9.00, 0.40, False","6.00, 0.33, False","9.00, 0.40, False","11.00, 0.56, False","13.00, 0.58, False","10.00, 0.54, False","15.00, 0.73, False","15.00, 0.73, False","15.00, 0.73, False","12.00, 0.70, False","14.00, 0.72, False","12.00, 0.70, False","10.00, 0.83, False","13.00, 0.85, False","6.00, 0.79, False","14.00, 0.86, False","16.00, 0.86, False","10.00, 0.83, False","8.00, 0.81, False","12.00, 1.00, False","17.00, 1.00, False","16.00, 1.00, False","16.00, 1.00, False","16.00, 1.00, False","13.00, 1.00, False","16.00, 1.00, False","11.00, 1.00, False","11.00, 1.00, False","12.00, 1.00, True","14.00, 1.00, True","12.00, 1.00, True","21.00, 1.00, True","14.00, 1.00, True","12.00, 1.00, True","13.00, 1.00, True",None,"20.00, 1.00, True","18.00, 1.00, True","10.00, 1.00, True","13.00, 1.00, True","14.00, 1.00, True","18.00, 0.87, True","15.00, 0.86, True","14.00, 0.86, True","12.00, 0.85, True","15.00, 0.86, True","15.00, 0.73, True","16.00, 0.74, True","15.00, 0.61, True","14.00, 0.60, True","12.00, 0.36, True","10.00, 0.25, True",A,0.27
template_54,"17.00, 0.17, False","16.00, 0.27, False","20.00, 0.38, False","15.00, 0.32, False","19.00, 0.45, False","17.00, 0.43, False","15.00, 0.41, False","19.00, 0.54, False","19.00, 0.54, False","16.00, 0.51, False","11.00, 0.56, False","14.00, 0.60, False","13.00, 0.58, False","18.00, 0.64, False","14.00, 0.60, False","18.00, 0.64, False","19.00, 0.76, False","14.00, 0.72, False","20.00, 0.76, False","15.00, 0.73, False","12.00, 0.70, False","19.00, 0.76, False","17.00, 0.74, False","19.00, 0.87, False","10.00, 0.83, False","12.00, 0.85, False","14.00, 0.86, False","13.00, 0.85, False","20.00, 0.88, False","18.00, 0.87, False","16.00, 0.86, False","18.00, 0.87, False","13.00, 1.00, False","14.00, 1.00, False","16.00, 1.00, False","14.00, 1.00, False","18.00, 1.00, False","22.00, 1.00, False","19.00, 1.00, False","20.00, 1.00, False",None,"17.00, 1.00, None","18.00, 1.00, None","16.00, 1.00, None","21.00, 1.00, None","11.00, 1.00, True","13.00, 1.00, True","14.00, 1.00, True","19.00, 1.00, True","11.00, 1.00, True","6.00, 0.79, True","7.00, 0.80, True","7.00, 0.63, True","15.00, 0.73, True","12.00, 0.46, True","15.00, 0.41, True",A,0.26
template_49,"11.00, 0.11, False","10.00, 0.18, False","13.00, 0.30, False","14.00, 0.31, False","15.00, 0.41, False","14.00, 0.39, False","17.00, 0.43, False","13.00, 0.47, False","13.00, 0.47, False","12.00, 0.46, False","14.00, 0.60, False","18.00, 0.64, False","13.00, 0.58, False","13.00, 0.58, False","17.00, 0.63, False","15.00, 0.61, False","14.00, 0.72, False","15.00, 0.73, False","17.00, 0.74, False","16.00, 0.74, False","16.00, 0.74, False","14.00, 0.72, False","12.00, 0.70, False","11.00, 0.84, False","15.00, 0.86, False","11.00, 0.84, False","15.00, 0.86, False","17.00, 0.87, False","18.00, 0.87, False","11.00, 0.84, False","18.00, 0.87, False","15.00, 0.86, False","13.00, 1.00, False","16.00, 1.00, False","14.00, 1.00, False","11.00, 1.00, False","15.00, 1.00, False","15.00, 1.00, False","13.00, 1.00, False","18.00, 1.00, False","17.00, 1.00, True",None,"14.00, 1.00, None","16.00, 1.00, None","13.00, 1.00, None","17.00, 1.00, True","7.00, 1.00, True","14.00, 1.00, True","14.00, 1.00, True","16.00, 1.00, True","16.00, 0.86, True","15.00, 0.86, True","15.00, 0.73, True","11.00, 0.69, True","16.00, 0.51, True","13.00, 0.38, True",A,0.26
template_3,"9.00, 0.09, False","12.00, 0.22, False","9.00, 0.23, False","13.00, 0.30, False","16.00, 0.42, False","9.00, 0.31, False","12.00, 0.36, False","13.00, 0.47, False","16.00, 0.51, False","13.00, 0.47, False","14.00, 0.60, False","20.00, 0.65, False","19.00, 0.64, False","15.00, 0.61, False","13.00, 0.58, False","12.00, 0.57, False","11.00, 0.69, False","13.00, 0.71, False","12.00, 0.70, False","17.00, 0.74, False","14.00, 0.72, False","14.00, 0.72, False","4.00, 0.55, False","15.00, 0.86, False","18.00, 0.87, False","16.00, 0.86, False","18.00, 0.87, False","14.00, 0.86, False","13.00, 0.85, False","14.00, 0.86, False","12.00, 0.85, False","10.00, 0.83, False","9.00, 1.00, False","9.00, 1.00, False","12.00, 1.00, False","17.00, 1.00, False","14.00, 1.00, False","12.00, 1.00, False","16.00, 1.00, False","10.00, 1.00, False","18.00, 1.00, True","14.00, 1.00, True",None,"18.00, 1.00, None","17.00, 1.00, None","16.00, 1.00, True","14.00, 1.00, True","16.00, 1.00, True","14.00, 1.00, True","13.00, 1.00, True","14.00, 0.86, True","15.00, 0.86, True","16.00, 0.74, True","14.00, 0.72, True","12.00, 0.46, True","8.00, 0.29, True",A,0.26
template_36,"12.00, 0.12, False","14.00, 0.24, False","15.00, 0.32, False","11.00, 0.26, False","12.00, 0.36, False","13.00, 0.38, False","7.00, 0.26, False","10.00, 0.42, False","9.00, 0.40, False","13.00, 0.47, False","13.00, 0.58, False","8.00, 0.50, False","16.00, 0.62, False","9.00, 0.52, False","10.00, 0.54, False","8.00, 0.50, False","19.00, 0.76, False","9.00, 0.66, False","11.00, 0.69, False","9.00, 0.66, False","16.00, 0.74, False","10.00, 0.68, False","14.00, 0.72, False","9.00, 0.82, False","14.00, 0.86, False","14.00, 0.86, False","8.00, 0.81, False","13.00, 0.85, False","16.00, 0.86, False","14.00, 0.86, False","14.00, 0.86, False","13.00, 0.85, False","14.00, 1.00, False","14.00, 1.00, False","16.00, 1.00, False","17.00, 1.00, False","11.00, 1.00, False","17.00, 1.00, False","11.00, 1.00, False","13.00, 1.00, False","16.00, 1.00, True","16.00, 1.00, True","18.00, 1.00, True",None,"13.00, 1.00, None","13.00, 1.00, True","15.00, 1.00, True","8.00, 1.00, True","12.00, 1.00, True","14.00, 1.00, True","15.00, 0.86, True","15.00, 0.86, True","13.00, 0.71, True","15.00, 0.73, True","10.00, 0.42, True","13.00, 0.38, True",A,0.26
template_41,"12.00, 0.12, False","13.00, 0.23, False","13.00, 0.30, False","18.00, 0.36, False","11.00, 0.34, False","12.00, 0.36, False","13.00, 0.38, False","11.00, 0.44, False","12.00, 0.46, False","13.00, 0.47, False","19.00, 0.64, False","17.00, 0.63, False","15.00, 0.61, False","9.00, 0.52, False","18.00, 0.64, False","17.00, 0.63, False","14.00, 0.72, False","17.00, 0.74, False","15.00, 0.73, False","17.00, 0.74, False","19.00, 0.76, False","15.00, 0.73, False","15.00, 0.73, False","10.00, 0.83, False","19.00, 0.87, False","13.00, 0.85, False","17.00, 0.87, False","20.00, 0.88, False","13.00, 0.85, False","15.00, 0.86, False","19.00, 0.87, False","16.00, 0.86, False","16.00, 1.00, False","18.00, 1.00, False","18.00, 1.00, False","14.00, 1.00, False","16.00, 1.00, False","12.00, 1.00, False","9.00, 1.00, False","14.00, 1.00, False","21.00, 1.00, True","13.00, 1.00, True","17.00, 1.00, True","13.00, 1.00, True",None,"20.00, 1.00, True","13.00, 1.00, True","16.00, 1.00, True","15.00, 1.00, True","19.00, 1.00, True","18.00, 0.87, True","16.00, 0.86, True","18.00, 0.75, True","14.00, 0.72, True","16.00, 0.51, True","10.00, 0.33, True",A,0.26
template_44,"17.00, 0.14, False","14.00, 0.19, False","16.00, 0.27, False","8.00, 0.15, False","15.00, 0.32, False","17.00, 0.35, False","13.00, 0.30, False","18.00, 0.44, False","16.00, 0.42, False","19.00, 0.45, False","13.00, 0.47, False","11.00, 0.44, False","16.00, 0.51, False","13.00, 0.47, False","17.00, 0.52, False","16.00, 0.51, False","21.00, 0.66, False","16.00, 0.62, False","18.00, 0.64, False","13.00, 0.58, False","13.00, 0.58, False","16.00, 0.62, False","14.00, 0.60, False","16.00, 0.74, False","13.00, 0.71, False","16.00, 0.74, False","15.00, 0.73, False","14.00, 0.72, False","19.00, 0.76, False","13.00, 0.71, False","15.00, 0.73, False","16.00, 0.74, False","15.00, 0.86, False","12.00, 0.85, False","15.00, 0.86, False","15.00, 0.86, False","14.00, 0.86, False","23.00, 0.89, False","16.00, 0.86, False","18.00, 0.87, False","11.00, 1.00, False","17.00, 1.00, False","16.00, 1.00, False","13.00, 1.00, False","20.00, 1.00, False",None,"16.00, 1.00, None","11.00, 1.00, None","16.00, 1.00, None","13.00, 1.00, None","12.00, 1.00, True","12.00, 1.00, True","13.00, 0.85, True","15.00, 0.86, True","13.00, 0.58, True","15.00, 0.50, True",A,0.25
template_47,"11.00, 0.08, False","11.00, 0.15, False","15.00, 0.26, False","13.00, 0.23, False","12.00, 0.28, False","13.00, 0.30, False","15.00, 0.32, False","14.00, 0.39, False","13.00, 0.38, False","12.00, 0.36, False","11.00, 0.44, False","16.00, 0.51, False","9.00, 0.40, False","13.00, 0.47, False","16.00, 0.51, False","16.00, 0.51, False","13.00, 0.58, False","16.00, 0.62, False","17.00, 0.63, False","14.00, 0.60, False","13.00, 0.58, False","15.00, 0.61, False","12.00, 0.57, False","10.00, 0.68, False","11.00, 0.69, False","9.00, 0.66, False","13.00, 0.71, False","16.00, 0.74, False","15.00, 0.73, False","12.00, 0.70, False","17.00, 0.74, False","16.00, 0.74, False","13.00, 0.85, False","17.00, 0.87, False","15.00, 0.86, False","9.00, 0.82, False","17.00, 0.87, False","14.00, 0.86, False","15.00, 0.86, False","15.00, 0.86, False","13.00, 1.00, False","7.00, 1.00, False","14.00, 1.00, False","15.00, 1.00, False","13.00, 1.00, False","16.00, 1.00, True",None,"12.00, 1.00, None","16.00, 1.00, None","16.00, 1.00, None","13.00, 1.00, True","15.00, 1.00, True","13.00, 0.85, True","8.00, 0.81, True","16.00, 0.62, True","12.00, 0.46, True",A,0.25
template_38,"9.00, 0.06, False","10.00, 0.14, False","15.00, 0.26, False","7.00, 0.13, False","12.00, 0.28, False","11.00, 0.26, False","10.00, 0.25, False","12.00, 0.36, False","9.00, 0.31, False","10.00, 0.33, False","8.00, 0.38, False","11.00, 0.44, False","15.00, 0.50, False","11.00, 0.44, False","11.00, 0.44, False","9.00, 0.40, False","18.00, 0.64, False","8.00, 0.50, False","13.00, 0.58, False","9.00, 0.52, False","12.00, 0.57, False","14.00, 0.60, False","12.00, 0.57, False","9.00, 0.66, False","11.00, 0.69, False","14.00, 0.72, False","5.00, 0.58, False","9.00, 0.66, False","14.00, 0.72, False","12.00, 0.70, False","11.00, 0.69, False","12.00, 0.70, False","10.00, 0.83, False","10.00, 0.83, False","13.00, 0.85, False","14.00, 0.86, False","11.00, 0.84, False","16.00, 0.86, False","11.00, 0.84, False","14.00, 0.86, False","14.00, 1.00, False","14.00, 1.00, False","16.00, 1.00, False","8.00, 1.00, False","16.00, 1.00, False","11.00, 1.00, True","12.00, 1.00, True",None,"12.00, 1.00, None","12.00, 1.00, None","14.00, 1.00, True","11.00, 1.00, True","12.00, 0.85, True","14.00, 0.86, True","10.00, 0.54, True","11.00, 0.44, True",A,0.25
template_20,"8.00, 0.05, False","13.00, 0.18, False","10.00, 0.18, False","12.00, 0.22, False","12.00, 0.28, False","12.00, 0.28, False","10.00, 0.25, False","10.00, 0.33, False","12.00, 0.36, False","8.00, 0.29, False","12.00, 0.46, False","12.00, 0.46, False","14.00, 0.49, False","13.00, 0.47, False","7.00, 0.36, False","6.00, 0.33, False","14.00, 0.60, False","9.00, 0.52, False","10.00, 0.54, False","14.00, 0.60, False","12.00, 0.57, False","10.00, 0.54, False","12.00, 0.57, False","11.00, 0.69, False","14.00, 0.72, False","14.00, 0.72, False","12.00, 0.70, False","10.00, 0.68, False","13.00, 0.71, False","12.00, 0.70, False","10.00, 0.68, False","6.00, 0.61, False","8.00, 0.81, False","11.00, 0.84, False","9.00, 0.82, False","17.00, 0.87, False","4.00, 0.75, False","14.00, 0.86, False","11.00, 0.84, False","12.00, 0.85, False","19.00, 1.00, False","14.00, 1.00, False","14.00, 1.00, False","12.00, 1.00, False","15.00, 1.00, False","16.00, 1.00, True","16.00, 1.00, True","12.00, 1.00, True",None,"14.00, 1.00, None","18.00, 1.00, True","16.00, 1.00, True","17.00, 0.87, True","15.00, 0.86, True","10.00, 0.54, True","11.00, 0.44, True",B,0.25
template_2,"14.00, 0.11, False","11.00, 0.15, False","16.00, 0.27, False","12.00, 0.22, False","15.00, 0.32, False","13.00, 0.30, False","12.00, 0.28, False","16.00, 0.42, False","16.00, 0.42, False","14.00, 0.39, False","14.00, 0.49, False","15.00, 0.50, False","17.00, 0.52, False","14.00, 0.49, False","11.00, 0.44, False","13.00, 0.47, False","19.00, 0.64, False","10.00, 0.54, False","15.00, 0.61, False","11.00, 0.56, False","9.00, 0.52, False","17.00, 0.63, False","12.00, 0.57, False","14.00, 0.72, False","14.00, 0.72, False","16.00, 0.74, False","14.00, 0.72, False","7.00, 0.63, False","18.00, 0.75, False","16.00, 0.74, False","11.00, 0.69, False","11.00, 0.69, False","8.00, 0.81, False","6.00, 0.79, False","10.00, 0.83, False","16.00, 0.86, False","12.00, 0.85, False","19.00, 0.87, False","16.00, 0.86, False","15.00, 0.86, False","11.00, 1.00, False","16.00, 1.00, False","13.00, 1.00, False","14.00, 1.00, False","19.00, 1.00, False","13.00, 1.00, True","16.00, 1.00, True","12.00, 1.00, True","14.00, 1.00, True",None,"11.00, 1.00, True","12.00, 1.00, True","11.00, 0.84, True","15.00, 0.86, True","8.00, 0.50, True","14.00, 0.49, True",A,0.25
template_46,"15.00, 0.09, False","12.00, 0.12, False","16.00, 0.21, False","13.00, 0.18, False","14.00, 0.24, False","12.00, 0.22, False","12.00, 0.22, False","16.00, 0.34, False","17.00, 0.35, False","15.00, 0.32, False","10.00, 0.33, False","14.00, 0.39, False","13.00, 0.38, False","15.00, 0.41, False","15.00, 0.41, False","16.00, 0.42, False","17.00, 0.52, False","15.00, 0.50, False","16.00, 0.51, False","13.00, 0.47, False","14.00, 0.49, False","15.00, 0.50, False","14.00, 0.49, False","17.00, 0.63, False","8.00, 0.50, False","12.00, 0.57, False","16.00, 0.62, False","12.00, 0.57, False","16.00, 0.62, False","16.00, 0.62, False","16.00, 0.62, False","16.00, 0.62, False","11.00, 0.69, False","12.00, 0.70, False","16.00, 0.74, False","12.00, 0.70, False","16.00, 0.74, False","18.00, 0.75, False","15.00, 0.73, False","15.00, 0.73, False","6.00, 0.79, False","16.00, 0.86, False","14.00, 0.86, False","15.00, 0.86, False","18.00, 0.87, False","12.00, 1.00, False","13.00, 1.00, False","14.00, 1.00, False","18.00, 1.00, False","11.00, 1.00, False",None,"9.00, 1.00, None","9.00, 1.00, True","14.00, 1.00, True","13.00, 0.71, True","14.00, 0.60, True",A,0.24
template_52,"12.00, 0.07, False","13.00, 0.13, False","18.00, 0.23, False","11.00, 0.15, False","16.00, 0.27, False","13.00, 0.23, False","11.00, 0.20, False","14.00, 0.31, False","16.00, 0.34, False","12.00, 0.28, False","8.00, 0.29, False","14.00, 0.39, False","16.00, 0.42, False","16.00, 0.42, False","12.00, 0.36, False","16.00, 0.42, False","17.00, 0.52, False","12.00, 0.46, False","17.00, 0.52, False","12.00, 0.46, False","12.00, 0.46, False","14.00, 0.49, False","13.00, 0.47, False","16.00, 0.62, False","10.00, 0.54, False","13.00, 0.58, False","14.00, 0.60, False","11.00, 0.56, False","17.00, 0.63, False","16.00, 0.62, False","15.00, 0.61, False","14.00, 0.60, False","11.00, 0.69, False","12.00, 0.70, False","13.00, 0.71, False","16.00, 0.74, False","14.00, 0.72, False","18.00, 0.75, False","16.00, 0.74, False","16.00, 0.74, False","7.00, 0.80, False","15.00, 0.86, False","15.00, 0.86, False","15.00, 0.86, False","16.00, 0.86, False","12.00, 1.00, False","15.00, 1.00, False","11.00, 1.00, False","16.00, 1.00, False","12.00, 1.00, False","9.00, 1.00, True",None,"7.00, 1.00, True","16.00, 1.00, True","12.00, 0.70, True","14.00, 0.60, True",A,0.24
template_50,"13.00, 0.05, False","11.00, 0.08, False","15.00, 0.15, False","12.00, 0.12, False","13.00, 0.18, False","14.00, 0.19, False","12.00, 0.16, False","15.00, 0.26, False","14.00, 0.24, False","11.00, 0.20, False","11.00, 0.26, False","12.00, 0.28, False","11.00, 0.26, False","14.00, 0.31, False","12.00, 0.28, False","13.00, 0.30, False","16.00, 0.42, False","11.00, 0.34, False","15.00, 0.41, False","12.00, 0.36, False","13.00, 0.38, False","13.00, 0.38, False","13.00, 0.38, False","14.00, 0.49, False","9.00, 0.40, False","9.00, 0.40, False","14.00, 0.49, False","12.00, 0.46, False","17.00, 0.52, False","17.00, 0.52, False","14.00, 0.49, False","15.00, 0.50, False","13.00, 0.58, False","12.00, 0.57, False","14.00, 0.60, False","14.00, 0.60, False","15.00, 0.61, False","18.00, 0.64, False","15.00, 0.61, False","15.00, 0.61, False","7.00, 0.63, False","15.00, 0.73, False","16.00, 0.74, False","13.00, 0.71, False","18.00, 0.75, False","13.00, 0.85, False","13.00, 0.85, False","12.00, 0.85, False","17.00, 0.87, False","11.00, 0.84, False","9.00, 1.00, False","7.00, 1.00, False",None,"15.00, 1.00, None","14.00, 0.86, True","16.00, 0.74, True",B,0.23
template_43,"11.00, 0.04, False","12.00, 0.09, False","12.00, 0.12, False","14.00, 0.14, False","11.00, 0.15, False","15.00, 0.20, False","13.00, 0.18, False","17.00, 0.28, False","15.00, 0.26, False","15.00, 0.26, False","11.00, 0.26, False","16.00, 0.34, False","7.00, 0.19, False","14.00, 0.31, False","14.00, 0.31, False","15.00, 0.32, False","13.00, 0.38, False","16.00, 0.42, False","14.00, 0.39, False","15.00, 0.41, False","12.00, 0.36, False","14.00, 0.39, False","13.00, 0.38, False","14.00, 0.49, False","14.00, 0.49, False","9.00, 0.40, False","15.00, 0.50, False","14.00, 0.49, False","15.00, 0.50, False","15.00, 0.50, False","14.00, 0.49, False","14.00, 0.49, False","13.00, 0.58, False","15.00, 0.61, False","15.00, 0.61, False","7.00, 0.48, False","15.00, 0.61, False","14.00, 0.60, False","12.00, 0.57, False","14.00, 0.60, False","15.00, 0.73, False","11.00, 0.69, False","14.00, 0.72, False","15.00, 0.73, False","14.00, 0.72, False","15.00, 0.86, False","8.00, 0.81, False","14.00, 0.86, False","15.00, 0.86, False","15.00, 0.86, False","14.00, 1.00, False","16.00, 1.00, False","15.00, 1.00, True",None,"18.00, 0.87, True","13.00, 0.71, True",B,0.23
template_26,"11.00, 0.02, False","13.00, 0.05, False","13.00, 0.07, False","14.00, 0.08, False","16.00, 0.13, False","11.00, 0.08, False","8.00, 0.05, False","11.00, 0.11, False","14.00, 0.14, False","11.00, 0.11, False","13.00, 0.18, False","12.00, 0.16, False","18.00, 0.23, False","14.00, 0.19, False","6.00, 0.08, False","7.00, 0.09, False","15.00, 0.26, False","5.00, 0.10, False","13.00, 0.23, False","9.00, 0.17, False","6.00, 0.12, False","12.00, 0.22, False","12.00, 0.22, False","13.00, 0.30, False","12.00, 0.28, False","16.00, 0.34, False","9.00, 0.23, False","6.00, 0.17, False","12.00, 0.28, False","15.00, 0.32, False","6.00, 0.17, False","7.00, 0.19, False","6.00, 0.24, False","5.00, 0.21, False","7.00, 0.26, False","16.00, 0.42, False","8.00, 0.29, False","13.00, 0.38, False","13.00, 0.38, False","12.00, 0.36, False","12.00, 0.46, False","16.00, 0.51, False","12.00, 0.46, False","10.00, 0.42, False","16.00, 0.51, False","13.00, 0.58, False","16.00, 0.62, False","10.00, 0.54, False","10.00, 0.54, False","8.00, 0.50, False","13.00, 0.71, False","12.00, 0.70, False","14.00, 0.86, False","18.00, 0.87, False",None,"13.00, 1.00, True",B,0.21
template_11,"6.00, 0.00, False","12.00, 0.03, False","5.00, 0.01, False","11.00, 0.04, False","12.00, 0.07, False","6.00, 0.02, False","12.00, 0.07, False","8.00, 0.05, False","12.00, 0.09, False","7.00, 0.04, False","10.00, 0.10, False","13.00, 0.13, False","14.00, 0.14, False","13.00, 0.13, False","9.00, 0.09, False","10.00, 0.10, False","6.00, 0.08, False","8.00, 0.11, False","10.00, 0.14, False","13.00, 0.18, False","12.00, 0.16, False","9.00, 0.12, False","8.00, 0.11, False","12.00, 0.22, False","14.00, 0.24, False","11.00, 0.20, False","11.00, 0.20, False","11.00, 0.20, False","7.00, 0.13, False","12.00, 0.22, False","8.00, 0.15, False","8.00, 0.15, False","9.00, 0.23, False","11.00, 0.26, False","10.00, 0.25, False","11.00, 0.26, False","10.00, 0.25, False","9.00, 0.23, False","9.00, 0.23, False","10.00, 0.25, False","15.00, 0.41, False","13.00, 0.38, False","8.00, 0.29, False","13.00, 0.38, False","10.00, 0.33, False","15.00, 0.50, False","12.00, 0.46, False","11.00, 0.44, False","11.00, 0.44, False","14.00, 0.49, False","14.00, 0.60, False","14.00, 0.60, False","16.00, 0.74, False","13.00, 0.71, False","13.00, 1.00, False",None,B,0.2
