"statistic, pvalue, row is better than column",template_29,best set: template_30,template_31,template_46,template_37,template_35,template_40,template_33,template_36,template_50,template_28,template_48,template_6,template_52,template_2,template_38,template_16,template_8,template_32,template_49,template_34,template_44,template_41,template_10,template_3,template_7,template_47,template_39,template_5,template_45,template_51,template_4,template_9,template_12,template_17,template_43,template_11,template_42,template_55,template_54,template_53,template_1,template_0,template_22,template_13,template_18,template_20,template_25,template_21,template_24,template_19,template_23,template_26,template_14,template_27,template_15,group,accuracy
template_29,None,"27.00, 1.00, None","9.00, 1.00, True","29.00, 0.90, True","9.00, 0.82, True","7.00, 0.80, True","31.00, 0.90, True","7.00, 0.63, True","25.00, 0.78, True","30.00, 0.71, True","26.00, 0.69, True","28.00, 0.53, True","26.00, 0.31, True","31.00, 0.34, True","29.00, 0.33, True","22.00, 0.27, True","31.00, 0.29, True","30.00, 0.28, True","25.00, 0.25, True","22.00, 0.18, True","24.00, 0.19, True","25.00, 0.20, True","13.00, 0.10, True","30.00, 0.24, True","10.00, 0.05, True","15.00, 0.09, True","24.00, 0.10, True","7.00, 0.01, True","13.00, 0.03, True","12.00, 0.02, True","18.00, 0.04, True","23.00, 0.03, True","11.00, 0.00, True","28.00, 0.03, True","9.00, 0.00, True","23.00, 0.02, True","12.00, 0.00, True","25.00, 0.01, True","22.00, 0.01, True","24.00, 0.01, True","20.00, 0.01, True","18.00, 0.01, True","24.00, 0.01, True","25.00, 0.00, True","13.00, 0.00, True","26.00, 0.00, True","27.00, 0.00, True","12.00, 0.00, True","9.00, 0.00, True","23.00, 0.00, True","12.00, 0.00, True","8.00, 0.00, True","18.00, 0.00, True","22.00, 0.00, True","10.00, 0.00, True","12.00, 0.00, True",A,0.668
template_30,"27.00, 1.00, True",None,"27.00, 1.00, True","27.00, 0.89, True","27.00, 0.89, True","25.00, 0.89, True","21.00, 0.88, True","27.00, 0.79, True","11.00, 0.69, True","22.00, 0.67, True","12.00, 0.57, True","26.00, 0.51, True","13.00, 0.18, True","26.00, 0.31, True","11.00, 0.15, True","12.00, 0.16, True","15.00, 0.15, True","14.00, 0.14, True","14.00, 0.14, True","29.00, 0.23, True","12.00, 0.09, True","18.00, 0.14, True","25.00, 0.20, True","15.00, 0.12, True","26.00, 0.17, True","25.00, 0.16, True","29.00, 0.12, True","23.00, 0.09, True","24.00, 0.08, True","21.00, 0.06, True","25.00, 0.06, True","9.00, 0.00, True","24.00, 0.03, True","14.00, 0.01, True","24.00, 0.02, True","27.00, 0.03, True","24.00, 0.02, True","25.00, 0.01, True","26.00, 0.01, True","25.00, 0.01, True","25.00, 0.01, True","24.00, 0.01, True","14.00, 0.00, True","12.00, 0.00, True","23.00, 0.00, True","9.00, 0.00, True","9.00, 0.00, True","23.00, 0.00, True","20.00, 0.00, True","12.00, 0.00, True","22.00, 0.00, True","20.00, 0.00, True","11.00, 0.00, True","13.00, 0.00, True","21.00, 0.00, True","20.00, 0.00, True",A,0.668
template_31,"9.00, 1.00, False","27.00, 1.00, False",None,"30.00, 1.00, True","11.00, 1.00, True","10.00, 1.00, True","31.00, 1.00, True","11.00, 0.84, True","28.00, 0.90, True","31.00, 0.80, True","27.00, 0.79, True","31.00, 0.63, True","28.00, 0.38, True","33.00, 0.42, True","28.00, 0.38, True","22.00, 0.33, True","31.00, 0.34, True","28.00, 0.32, True","26.00, 0.31, True","23.00, 0.23, True","24.00, 0.24, True","26.00, 0.25, True","16.00, 0.16, True","30.00, 0.28, True","10.00, 0.07, True","17.00, 0.14, True","24.00, 0.12, True","10.00, 0.04, True","15.00, 0.05, True","11.00, 0.03, True","17.00, 0.04, True","24.00, 0.05, True","14.00, 0.01, True","29.00, 0.04, True","12.00, 0.01, True","27.00, 0.03, True","16.00, 0.01, True","26.00, 0.02, True","24.00, 0.02, True","28.00, 0.02, True","21.00, 0.01, True","23.00, 0.01, True","24.00, 0.01, True","22.00, 0.00, True","15.00, 0.00, True","25.00, 0.00, True","25.00, 0.00, True","16.00, 0.00, True","13.00, 0.00, True","21.00, 0.00, True","16.00, 0.00, True","11.00, 0.00, True","16.00, 0.00, True","21.00, 0.00, True","13.00, 0.00, True","15.00, 0.00, True",A,0.663
template_46,"29.00, 0.90, False","27.00, 0.89, False","30.00, 1.00, False",None,"32.00, 1.00, None","30.00, 1.00, None","27.00, 1.00, None","29.00, 1.00, True","28.00, 1.00, True","9.00, 0.82, True","27.00, 0.89, True","5.00, 0.42, True","24.00, 0.42, True","12.00, 0.28, True","26.00, 0.43, True","24.00, 0.42, True","29.00, 0.39, True","26.00, 0.37, True","23.00, 0.34, True","26.00, 0.31, True","25.00, 0.30, True","13.00, 0.18, True","33.00, 0.36, True","26.00, 0.31, True","29.00, 0.27, True","27.00, 0.26, True","26.00, 0.17, True","25.00, 0.16, True","25.00, 0.13, True","23.00, 0.12, True","26.00, 0.11, True","21.00, 0.05, True","25.00, 0.05, True","24.00, 0.04, True","26.00, 0.04, True","27.00, 0.04, True","23.00, 0.02, True","10.00, 0.00, True","27.00, 0.03, True","5.00, 0.00, True","24.00, 0.02, True","24.00, 0.02, True","22.00, 0.01, True","26.00, 0.01, True","22.00, 0.00, True","23.00, 0.00, True","23.00, 0.00, True","20.00, 0.00, True","18.00, 0.00, True","21.00, 0.00, True","19.00, 0.00, True","17.00, 0.00, True","21.00, 0.00, True","21.00, 0.00, True","16.00, 0.00, True","16.00, 0.00, True",A,0.658
template_37,"9.00, 0.82, False","27.00, 0.89, False","11.00, 1.00, False","32.00, 1.00, True",None,"11.00, 1.00, None","31.00, 1.00, None","11.00, 1.00, True","25.00, 1.00, True","35.00, 0.91, True","25.00, 0.89, True","32.00, 0.72, True","26.00, 0.43, True","33.00, 0.48, True","30.00, 0.46, True","20.00, 0.38, True","33.00, 0.42, True","28.00, 0.38, True","24.00, 0.35, True","20.00, 0.25, True","22.00, 0.27, True","28.00, 0.32, True","10.00, 0.14, True","31.00, 0.34, True","17.00, 0.17, True","20.00, 0.20, True","23.00, 0.15, True","5.00, 0.02, True","16.00, 0.07, True","13.00, 0.05, True","13.00, 0.04, True","22.00, 0.05, True","15.00, 0.02, True","30.00, 0.05, True","14.00, 0.01, True","24.00, 0.04, True","16.00, 0.01, True","30.00, 0.03, True","21.00, 0.02, True","30.00, 0.03, True","17.00, 0.01, True","20.00, 0.01, True","27.00, 0.02, True","24.00, 0.00, True","16.00, 0.00, True","24.00, 0.00, True","26.00, 0.00, True","15.00, 0.00, True","14.00, 0.00, True","22.00, 0.00, True","16.00, 0.00, True","13.00, 0.00, True","18.00, 0.00, True","22.00, 0.00, True","15.00, 0.00, True","15.00, 0.00, True",A,0.658
template_35,"7.00, 0.80, False","25.00, 0.89, False","10.00, 1.00, False","30.00, 1.00, True","11.00, 1.00, True",None,"30.00, 1.00, None","7.00, 1.00, True","23.00, 1.00, True","31.00, 0.90, True","23.00, 0.89, True","29.00, 0.70, True","25.00, 0.43, True","32.00, 0.48, True","28.00, 0.45, True","20.00, 0.38, True","30.00, 0.40, True","28.00, 0.38, True","23.00, 0.34, True","21.00, 0.26, True","21.00, 0.26, True","25.00, 0.30, True","15.00, 0.20, True","29.00, 0.33, True","15.00, 0.15, True","16.00, 0.16, True","26.00, 0.17, True","11.00, 0.06, True","14.00, 0.06, True","16.00, 0.07, True","21.00, 0.08, True","22.00, 0.05, True","15.00, 0.02, True","28.00, 0.05, True","11.00, 0.01, True","27.00, 0.04, True","14.00, 0.01, True","25.00, 0.02, True","27.00, 0.03, True","27.00, 0.03, True","23.00, 0.02, True","21.00, 0.02, True","24.00, 0.02, True","24.00, 0.00, True","14.00, 0.00, True","24.00, 0.00, True","26.00, 0.00, True","13.00, 0.00, True","12.00, 0.00, True","22.00, 0.00, True","13.00, 0.00, True","11.00, 0.00, True","18.00, 0.00, True","21.00, 0.00, True","13.00, 0.00, True","14.00, 0.00, True",A,0.658
template_40,"31.00, 0.90, False","21.00, 0.88, False","31.00, 1.00, False","27.00, 1.00, True","31.00, 1.00, True","30.00, 1.00, True",None,"28.00, 1.00, True","16.00, 1.00, True","24.00, 0.89, True","15.00, 0.86, True","24.00, 0.68, True","18.00, 0.36, True","27.00, 0.44, True","18.00, 0.36, True","13.00, 0.30, True","26.00, 0.37, True","17.00, 0.28, True","13.00, 0.23, True","28.00, 0.32, True","14.00, 0.19, True","24.00, 0.29, True","25.00, 0.30, True","20.00, 0.25, True","30.00, 0.28, True","33.00, 0.30, True","27.00, 0.18, True","25.00, 0.16, True","31.00, 0.17, True","24.00, 0.12, True","24.00, 0.10, True","14.00, 0.02, True","31.00, 0.07, True","14.00, 0.01, True","28.00, 0.05, True","26.00, 0.04, True","31.00, 0.04, True","23.00, 0.02, True","24.00, 0.02, True","23.00, 0.02, True","24.00, 0.02, True","29.00, 0.03, True","12.00, 0.00, True","15.00, 0.00, True","31.00, 0.01, True","14.00, 0.00, True","15.00, 0.00, True","29.00, 0.00, True","26.00, 0.00, True","13.00, 0.00, True","29.00, 0.00, True","27.00, 0.00, True","12.00, 0.00, True","14.00, 0.00, True","26.00, 0.00, True","22.00, 0.00, True",A,0.658
template_33,"7.00, 0.63, False","27.00, 0.79, False","11.00, 0.84, False","29.00, 1.00, False","11.00, 1.00, False","7.00, 1.00, False","28.00, 1.00, False",None,"24.00, 1.00, None","32.00, 1.00, True","24.00, 1.00, True","30.00, 0.80, True","25.00, 0.50, True","33.00, 0.56, True","28.00, 0.53, True","22.00, 0.48, True","31.00, 0.47, True","25.00, 0.43, True","23.00, 0.41, True","23.00, 0.34, True","21.00, 0.32, True","28.00, 0.38, True","14.00, 0.24, True","28.00, 0.38, True","17.00, 0.22, True","20.00, 0.25, True","25.00, 0.20, True","10.00, 0.07, True","17.00, 0.10, True","16.00, 0.10, True","19.00, 0.09, True","22.00, 0.07, True","15.00, 0.03, True","29.00, 0.06, True","13.00, 0.01, True","25.00, 0.05, True","16.00, 0.02, True","26.00, 0.03, True","26.00, 0.03, True","27.00, 0.03, True","21.00, 0.02, True","23.00, 0.02, True","23.00, 0.02, True","24.00, 0.01, True","16.00, 0.00, True","24.00, 0.00, True","26.00, 0.00, True","16.00, 0.00, True","15.00, 0.00, True","23.00, 0.00, True","16.00, 0.00, True","14.00, 0.00, True","19.00, 0.00, True","20.00, 0.00, True","15.00, 0.00, True","16.00, 0.00, True",A,0.653
template_36,"25.00, 0.78, False","11.00, 0.69, False","28.00, 0.90, False","28.00, 1.00, False","25.00, 1.00, False","23.00, 1.00, False","16.00, 1.00, False","24.00, 1.00, True",None,"25.00, 1.00, True","11.00, 1.00, True","28.00, 0.79, True","11.00, 0.34, True","28.00, 0.53, True","11.00, 0.34, True","10.00, 0.33, True","17.00, 0.35, True","10.00, 0.25, True","11.00, 0.26, True","28.00, 0.38, True","7.00, 0.13, True","21.00, 0.32, True","27.00, 0.37, True","15.00, 0.26, True","32.00, 0.35, True","32.00, 0.35, True","28.00, 0.22, True","24.00, 0.19, True","30.00, 0.19, True","25.00, 0.16, True","25.00, 0.13, True","9.00, 0.01, True","30.00, 0.08, True","14.00, 0.02, True","27.00, 0.06, True","27.00, 0.06, True","29.00, 0.05, True","28.00, 0.04, True","28.00, 0.04, True","27.00, 0.03, True","25.00, 0.03, True","28.00, 0.04, True","11.00, 0.00, True","12.00, 0.00, True","28.00, 0.01, True","9.00, 0.00, True","9.00, 0.00, True","26.00, 0.00, True","25.00, 0.00, True","10.00, 0.00, True","27.00, 0.00, True","25.00, 0.00, True","9.00, 0.00, True","12.00, 0.00, True","25.00, 0.00, True","24.00, 0.00, True",A,0.653
template_50,"30.00, 0.71, False","22.00, 0.67, False","31.00, 0.80, False","9.00, 0.82, False","35.00, 0.91, False","31.00, 0.90, False","24.00, 0.89, False","32.00, 1.00, False","25.00, 1.00, False",None,"25.00, 1.00, None","12.00, 0.85, True","22.00, 0.57, True","12.00, 0.46, True","23.00, 0.58, True","23.00, 0.58, True","27.00, 0.52, True","22.00, 0.48, True","21.00, 0.47, True","30.00, 0.46, True","23.00, 0.41, True","13.00, 0.30, True","35.00, 0.49, True","23.00, 0.41, True","30.00, 0.40, True","29.00, 0.39, True","28.00, 0.27, True","29.00, 0.27, True","28.00, 0.22, True","24.00, 0.19, True","25.00, 0.16, True","20.00, 0.08, True","26.00, 0.09, True","23.00, 0.06, True","28.00, 0.08, True","28.00, 0.08, True","25.00, 0.05, True","13.00, 0.01, True","27.00, 0.04, True","9.00, 0.00, True","25.00, 0.04, True","26.00, 0.04, True","21.00, 0.02, True","23.00, 0.01, True","24.00, 0.01, True","22.00, 0.00, True","22.00, 0.00, True","25.00, 0.00, True","22.00, 0.00, True","20.00, 0.00, True","23.00, 0.00, True","20.00, 0.00, True","19.00, 0.00, True","22.00, 0.00, True","20.00, 0.00, True","20.00, 0.00, True",A,0.648
template_28,"26.00, 0.69, False","12.00, 0.57, False","27.00, 0.79, False","27.00, 0.89, False","25.00, 0.89, False","23.00, 0.89, False","15.00, 0.86, False","24.00, 1.00, False","11.00, 1.00, False","25.00, 1.00, True",None,"28.00, 0.90, True","12.00, 0.46, True","30.00, 0.62, True","12.00, 0.46, True","8.00, 0.38, True","20.00, 0.46, True","11.00, 0.34, True","8.00, 0.29, True","25.00, 0.43, True","7.00, 0.19, True","21.00, 0.39, True","24.00, 0.42, True","15.00, 0.32, True","31.00, 0.40, True","31.00, 0.40, True","27.00, 0.26, True","24.00, 0.24, True","28.00, 0.22, True","25.00, 0.20, True","23.00, 0.15, True","6.00, 0.01, True","29.00, 0.10, True","14.00, 0.02, True","27.00, 0.07, True","25.00, 0.06, True","28.00, 0.06, True","26.00, 0.04, True","25.00, 0.04, True","29.00, 0.05, True","23.00, 0.03, True","27.00, 0.04, True","11.00, 0.00, True","12.00, 0.00, True","27.00, 0.01, True","10.00, 0.00, True","8.00, 0.00, True","27.00, 0.00, True","25.00, 0.00, True","11.00, 0.00, True","27.00, 0.00, True","25.00, 0.00, True","9.00, 0.00, True","11.00, 0.00, True","24.00, 0.00, True","24.00, 0.00, True",A,0.648
template_48,"28.00, 0.53, False","26.00, 0.51, False","31.00, 0.63, False","5.00, 0.42, False","32.00, 0.72, False","29.00, 0.70, False","24.00, 0.68, False","30.00, 0.80, False","28.00, 0.79, False","12.00, 0.85, False","28.00, 0.90, False",None,"28.00, 0.79, True","14.00, 0.72, True","30.00, 0.80, True","29.00, 0.80, True","33.00, 0.72, True","29.00, 0.70, True","25.00, 0.68, True","30.00, 0.62, True","28.00, 0.61, True","16.00, 0.51, True","36.00, 0.65, True","30.00, 0.62, True","32.00, 0.55, True","29.00, 0.53, True","29.00, 0.39, True","27.00, 0.37, True","27.00, 0.31, True","24.00, 0.29, True","29.00, 0.27, True","24.00, 0.16, True","27.00, 0.14, True","25.00, 0.10, True","29.00, 0.12, True","32.00, 0.14, True","25.00, 0.08, True","14.00, 0.02, True","28.00, 0.08, True","10.00, 0.01, True","26.00, 0.07, True","26.00, 0.07, True","24.00, 0.05, True","30.00, 0.03, True","25.00, 0.01, True","25.00, 0.01, True","25.00, 0.01, True","24.00, 0.00, True","21.00, 0.00, True","22.00, 0.00, True","22.00, 0.00, True","20.00, 0.00, True","23.00, 0.00, True","24.00, 0.00, True","20.00, 0.00, True","20.00, 0.00, True",A,0.637
template_6,"26.00, 0.31, False","13.00, 0.18, False","28.00, 0.38, False","24.00, 0.42, False","26.00, 0.43, False","25.00, 0.43, False","18.00, 0.36, False","25.00, 0.50, False","11.00, 0.34, False","22.00, 0.57, False","12.00, 0.46, False","28.00, 0.79, False",None,"28.00, 1.00, None","12.00, 1.00, None","16.00, 1.00, None","14.00, 1.00, True","10.00, 1.00, True","16.00, 1.00, True","33.00, 0.90, True","10.00, 0.83, True","23.00, 0.89, True","31.00, 0.90, True","13.00, 0.85, True","34.00, 0.81, True","32.00, 0.81, True","32.00, 0.63, True","27.00, 0.60, True","31.00, 0.54, True","28.00, 0.53, True","30.00, 0.46, True","3.00, 0.04, True","31.00, 0.29, True","9.00, 0.06, True","30.00, 0.24, True","28.00, 0.22, True","30.00, 0.19, True","30.00, 0.16, True","28.00, 0.15, True","28.00, 0.15, True","30.00, 0.16, True","27.00, 0.14, True","10.00, 0.02, True","7.00, 0.00, True","28.00, 0.04, True","7.00, 0.00, True","5.00, 0.00, True","28.00, 0.01, True","27.00, 0.01, True","6.00, 0.00, True","28.00, 0.01, True","28.00, 0.01, True","5.00, 0.00, True","8.00, 0.00, True","25.00, 0.00, True","25.00, 0.00, True",A,0.622
template_52,"31.00, 0.34, False","26.00, 0.31, False","33.00, 0.42, False","12.00, 0.28, False","33.00, 0.48, False","32.00, 0.48, False","27.00, 0.44, False","33.00, 0.56, False","28.00, 0.53, False","12.00, 0.46, False","30.00, 0.62, False","14.00, 0.72, False","28.00, 1.00, True",None,"30.00, 1.00, None","32.00, 1.00, None","32.00, 1.00, True","30.00, 1.00, True","29.00, 1.00, True","31.00, 0.90, True","30.00, 0.90, True","16.00, 0.86, True","38.00, 0.91, True","27.00, 0.89, True","37.00, 0.82, True","34.00, 0.81, True","31.00, 0.63, True","30.00, 0.62, True","34.00, 0.56, True","26.00, 0.51, True","30.00, 0.46, True","25.00, 0.30, True","32.00, 0.30, True","26.00, 0.21, True","33.00, 0.25, True","33.00, 0.25, True","31.00, 0.20, True","13.00, 0.05, True","29.00, 0.15, True","8.00, 0.02, True","27.00, 0.14, True","31.00, 0.17, True","22.00, 0.09, True","29.00, 0.05, True","28.00, 0.04, True","24.00, 0.02, True","25.00, 0.02, True","27.00, 0.01, True","27.00, 0.01, True","21.00, 0.00, True","28.00, 0.01, True","25.00, 0.00, True","21.00, 0.00, True","21.00, 0.00, True","24.00, 0.00, True","26.00, 0.00, True",A,0.622
template_2,"29.00, 0.33, False","11.00, 0.15, False","28.00, 0.38, False","26.00, 0.43, False","30.00, 0.46, False","28.00, 0.45, False","18.00, 0.36, False","28.00, 0.53, False","11.00, 0.34, False","23.00, 0.58, False","12.00, 0.46, False","30.00, 0.80, False","12.00, 1.00, True","30.00, 1.00, True",None,"18.00, 1.00, None","11.00, 1.00, True","9.00, 1.00, True","20.00, 1.00, True","32.00, 0.90, True","16.00, 0.86, True","21.00, 0.88, True","33.00, 0.90, True","14.00, 0.86, True","33.00, 0.81, True","34.00, 0.81, True","31.00, 0.63, True","29.00, 0.61, True","33.00, 0.56, True","29.00, 0.53, True","32.00, 0.48, True","10.00, 0.14, True","33.00, 0.30, True","13.00, 0.10, True","28.00, 0.22, True","29.00, 0.23, True","33.00, 0.21, True","31.00, 0.17, True","29.00, 0.15, True","32.00, 0.17, True","30.00, 0.16, True","30.00, 0.16, True","13.00, 0.04, True","9.00, 0.00, True","29.00, 0.04, True","7.00, 0.00, True","5.00, 0.00, True","29.00, 0.01, True","28.00, 0.01, True","8.00, 0.00, True","29.00, 0.01, True","29.00, 0.01, True","8.00, 0.00, True","9.00, 0.00, True","27.00, 0.00, True","25.00, 0.00, True",A,0.622
template_38,"22.00, 0.27, False","12.00, 0.16, False","22.00, 0.33, False","24.00, 0.42, False","20.00, 0.38, False","20.00, 0.38, False","13.00, 0.30, False","22.00, 0.48, False","10.00, 0.33, False","23.00, 0.58, False","8.00, 0.38, False","29.00, 0.80, False","16.00, 1.00, True","32.00, 1.00, True","18.00, 1.00, True",None,"24.00, 1.00, True","16.00, 1.00, True","14.00, 1.00, True","27.00, 0.89, True","9.00, 0.82, True","26.00, 0.89, True","28.00, 0.90, True","19.00, 0.87, True","31.00, 0.80, True","33.00, 0.81, True","29.00, 0.61, True","24.00, 0.58, True","31.00, 0.54, True","26.00, 0.51, True","26.00, 0.43, True","12.00, 0.16, True","29.00, 0.27, True","17.00, 0.14, True","27.00, 0.21, True","28.00, 0.22, True","29.00, 0.19, True","29.00, 0.15, True","27.00, 0.14, True","30.00, 0.16, True","27.00, 0.14, True","28.00, 0.15, True","16.00, 0.05, True","14.00, 0.01, True","28.00, 0.04, True","13.00, 0.00, True","12.00, 0.00, True","28.00, 0.01, True","27.00, 0.01, True","12.00, 0.00, True","28.00, 0.01, True","25.00, 0.00, True","9.00, 0.00, True","14.00, 0.00, True","24.00, 0.00, True","24.00, 0.00, True",A,0.622
template_16,"31.00, 0.29, False","15.00, 0.15, False","31.00, 0.34, False","29.00, 0.39, False","33.00, 0.42, False","30.00, 0.40, False","26.00, 0.37, False","31.00, 0.47, False","17.00, 0.35, False","27.00, 0.52, False","20.00, 0.46, False","33.00, 0.72, False","14.00, 1.00, False","32.00, 1.00, False","11.00, 1.00, False","24.00, 1.00, False",None,"13.00, 1.00, None","26.00, 1.00, None","37.00, 1.00, True","22.00, 1.00, True","25.00, 1.00, True","38.00, 1.00, True","14.00, 1.00, True","33.00, 0.90, True","35.00, 0.91, True","34.00, 0.72, True","31.00, 0.71, True","35.00, 0.64, True","32.00, 0.63, True","37.00, 0.58, True","13.00, 0.23, True","33.00, 0.36, True","13.00, 0.13, True","27.00, 0.26, True","32.00, 0.30, True","33.00, 0.25, True","33.00, 0.21, True","34.00, 0.22, True","33.00, 0.21, True","36.00, 0.23, True","30.00, 0.19, True","15.00, 0.07, True","5.00, 0.00, True","28.00, 0.05, True","5.00, 0.00, True","4.00, 0.00, True","29.00, 0.02, True","28.00, 0.02, True","6.00, 0.00, True","27.00, 0.01, True","28.00, 0.01, True","5.00, 0.00, True","7.00, 0.00, True","25.00, 0.00, True","23.00, 0.00, True",A,0.617
template_8,"30.00, 0.28, False","14.00, 0.14, False","28.00, 0.32, False","26.00, 0.37, False","28.00, 0.38, False","28.00, 0.38, False","17.00, 0.28, False","25.00, 0.43, False","10.00, 0.25, False","22.00, 0.48, False","11.00, 0.34, False","29.00, 0.70, False","10.00, 1.00, False","30.00, 1.00, False","9.00, 1.00, False","16.00, 1.00, False","13.00, 1.00, True",None,"17.00, 1.00, None","34.00, 1.00, True","12.00, 1.00, True","26.00, 1.00, True","34.00, 1.00, True","11.00, 1.00, True","34.00, 0.90, True","38.00, 0.91, True","32.00, 0.72, True","28.00, 0.70, True","35.00, 0.64, True","30.00, 0.62, True","32.00, 0.55, True","9.00, 0.17, True","34.00, 0.36, True","12.00, 0.12, True","32.00, 0.30, True","30.00, 0.28, True","34.00, 0.26, True","33.00, 0.21, True","32.00, 0.21, True","32.00, 0.21, True","31.00, 0.20, True","31.00, 0.20, True","10.00, 0.04, True","6.00, 0.00, True","32.00, 0.06, True","8.00, 0.00, True","6.00, 0.00, True","33.00, 0.02, True","33.00, 0.02, True","7.00, 0.00, True","33.00, 0.02, True","32.00, 0.01, True","6.00, 0.00, True","8.00, 0.00, True","30.00, 0.00, True","27.00, 0.00, True",A,0.617
template_32,"25.00, 0.25, False","14.00, 0.14, False","26.00, 0.31, False","23.00, 0.34, False","24.00, 0.35, False","23.00, 0.34, False","13.00, 0.23, False","23.00, 0.41, False","11.00, 0.26, False","21.00, 0.47, False","8.00, 0.29, False","25.00, 0.68, False","16.00, 1.00, False","29.00, 1.00, False","20.00, 1.00, False","14.00, 1.00, False","26.00, 1.00, True","17.00, 1.00, True",None,"30.00, 1.00, True","8.00, 1.00, True","25.00, 1.00, True","30.00, 1.00, True","20.00, 1.00, True","36.00, 0.91, True","36.00, 0.91, True","31.00, 0.71, True","29.00, 0.70, True","33.00, 0.64, True","28.00, 0.61, True","30.00, 0.54, True","11.00, 0.20, True","34.00, 0.36, True","18.00, 0.18, True","32.00, 0.30, True","29.00, 0.27, True","33.00, 0.25, True","26.00, 0.17, True","30.00, 0.19, True","31.00, 0.20, True","27.00, 0.18, True","31.00, 0.20, True","16.00, 0.07, True","16.00, 0.02, True","31.00, 0.06, True","14.00, 0.01, True","14.00, 0.01, True","29.00, 0.02, True","28.00, 0.02, True","16.00, 0.00, True","30.00, 0.02, True","28.00, 0.01, True","13.00, 0.00, True","17.00, 0.00, True","25.00, 0.00, True","24.00, 0.00, True",A,0.617
template_49,"22.00, 0.18, False","29.00, 0.23, False","23.00, 0.23, False","26.00, 0.31, False","20.00, 0.25, False","21.00, 0.26, False","28.00, 0.32, False","23.00, 0.34, False","28.00, 0.38, False","30.00, 0.46, False","25.00, 0.43, False","30.00, 0.62, False","33.00, 0.90, False","31.00, 0.90, False","32.00, 0.90, False","27.00, 0.89, False","37.00, 1.00, False","34.00, 1.00, False","30.00, 1.00, False",None,"31.00, 1.00, None","30.00, 1.00, None","27.00, 1.00, None","36.00, 1.00, None","33.00, 1.00, True","31.00, 1.00, True","6.00, 0.61, True","23.00, 0.78, True","30.00, 0.71, True","18.00, 0.64, True","16.00, 0.51, True","29.00, 0.46, True","30.00, 0.40, True","33.00, 0.36, True","29.00, 0.33, True","19.00, 0.24, True","28.00, 0.27, True","29.00, 0.23, True","15.00, 0.12, True","29.00, 0.23, True","11.00, 0.08, True","28.00, 0.22, True","27.00, 0.18, True","30.00, 0.08, True","29.00, 0.06, True","27.00, 0.04, True","28.00, 0.04, True","27.00, 0.02, True","26.00, 0.02, True","25.00, 0.01, True","25.00, 0.01, True","25.00, 0.01, True","22.00, 0.00, True","22.00, 0.00, True","24.00, 0.00, True","23.00, 0.00, True",A,0.611
template_34,"24.00, 0.19, False","12.00, 0.09, False","24.00, 0.24, False","25.00, 0.30, False","22.00, 0.27, False","21.00, 0.26, False","14.00, 0.19, False","21.00, 0.32, False","7.00, 0.13, False","23.00, 0.41, False","7.00, 0.19, False","28.00, 0.61, False","10.00, 0.83, False","30.00, 0.90, False","16.00, 0.86, False","9.00, 0.82, False","22.00, 1.00, False","12.00, 1.00, False","8.00, 1.00, False","31.00, 1.00, True",None,"26.00, 1.00, None","30.00, 1.00, None","17.00, 1.00, None","34.00, 1.00, True","37.00, 1.00, True","30.00, 0.80, True","28.00, 0.79, True","34.00, 0.72, True","29.00, 0.70, True","30.00, 0.62, True","10.00, 0.25, True","33.00, 0.42, True","15.00, 0.20, True","32.00, 0.35, True","30.00, 0.34, True","33.00, 0.30, True","31.00, 0.24, True","32.00, 0.25, True","32.00, 0.25, True","31.00, 0.24, True","31.00, 0.24, True","13.00, 0.07, True","11.00, 0.01, True","32.00, 0.07, True","10.00, 0.01, True","8.00, 0.00, True","31.00, 0.03, True","30.00, 0.03, True","10.00, 0.00, True","31.00, 0.02, True","29.00, 0.01, True","7.00, 0.00, True","10.00, 0.00, True","27.00, 0.00, True","27.00, 0.00, True",A,0.611
template_44,"25.00, 0.20, False","18.00, 0.14, False","26.00, 0.25, False","13.00, 0.18, False","28.00, 0.32, False","25.00, 0.30, False","24.00, 0.29, False","28.00, 0.38, False","21.00, 0.32, False","13.00, 0.30, False","21.00, 0.39, False","16.00, 0.51, False","23.00, 0.89, False","16.00, 0.86, False","21.00, 0.88, False","26.00, 0.89, False","25.00, 1.00, False","26.00, 1.00, False","25.00, 1.00, False","30.00, 1.00, True","26.00, 1.00, True",None,"35.00, 1.00, None","27.00, 1.00, None","35.00, 1.00, True","33.00, 1.00, True","31.00, 0.80, True","27.00, 0.79, True","32.00, 0.72, True","24.00, 0.68, True","32.00, 0.63, True","25.00, 0.43, True","33.00, 0.42, True","27.00, 0.31, True","29.00, 0.33, True","31.00, 0.34, True","31.00, 0.29, True","19.00, 0.15, True","32.00, 0.25, True","18.00, 0.14, True","29.00, 0.23, True","34.00, 0.26, True","23.00, 0.15, True","26.00, 0.07, True","30.00, 0.07, True","23.00, 0.03, True","21.00, 0.02, True","30.00, 0.03, True","26.00, 0.02, True","20.00, 0.01, True","28.00, 0.02, True","25.00, 0.01, True","19.00, 0.00, True","18.00, 0.00, True","26.00, 0.00, True","25.00, 0.00, True",A,0.611
template_41,"13.00, 0.10, False","25.00, 0.20, False","16.00, 0.16, False","33.00, 0.36, False","10.00, 0.14, False","15.00, 0.20, False","25.00, 0.30, False","14.00, 0.24, False","27.00, 0.37, False","35.00, 0.49, False","24.00, 0.42, False","36.00, 0.65, False","31.00, 0.90, False","38.00, 0.91, False","33.00, 0.90, False","28.00, 0.90, False","38.00, 1.00, False","34.00, 1.00, False","30.00, 1.00, False","27.00, 1.00, True","30.00, 1.00, True","35.00, 1.00, True",None,"37.00, 1.00, None","25.00, 1.00, True","29.00, 1.00, True","28.00, 0.79, True","12.00, 0.70, True","26.00, 0.69, True","23.00, 0.67, True","18.00, 0.53, True","29.00, 0.46, True","23.00, 0.34, True","33.00, 0.36, True","22.00, 0.27, True","24.00, 0.29, True","25.00, 0.25, True","32.00, 0.25, True","22.00, 0.18, True","35.00, 0.27, True","22.00, 0.18, True","24.00, 0.19, True","28.00, 0.18, True","29.00, 0.08, True","23.00, 0.04, True","28.00, 0.05, True","30.00, 0.04, True","22.00, 0.01, True","22.00, 0.01, True","26.00, 0.01, True","23.00, 0.01, True","22.00, 0.00, True","21.00, 0.00, True","24.00, 0.00, True","19.00, 0.00, True","19.00, 0.00, True",A,0.611
template_10,"30.00, 0.24, False","15.00, 0.12, False","30.00, 0.28, False","26.00, 0.31, False","31.00, 0.34, False","29.00, 0.33, False","20.00, 0.25, False","28.00, 0.38, False","15.00, 0.26, False","23.00, 0.41, False","15.00, 0.32, False","30.00, 0.62, False","13.00, 0.85, False","27.00, 0.89, False","14.00, 0.86, False","19.00, 0.87, False","14.00, 1.00, False","11.00, 1.00, False","20.00, 1.00, False","36.00, 1.00, True","17.00, 1.00, True","27.00, 1.00, True","37.00, 1.00, True",None,"35.00, 1.00, True","39.00, 1.00, True","33.00, 0.81, True","34.00, 0.81, True","36.00, 0.73, True","29.00, 0.70, True","35.00, 0.64, True","9.00, 0.23, True","35.00, 0.43, True","10.00, 0.14, True","35.00, 0.37, True","31.00, 0.34, True","32.00, 0.30, True","30.00, 0.24, True","34.00, 0.26, True","31.00, 0.24, True","34.00, 0.26, True","29.00, 0.23, True","12.00, 0.07, True","7.00, 0.01, True","30.00, 0.07, True","7.00, 0.00, True","4.00, 0.00, True","31.00, 0.03, True","31.00, 0.03, True","3.00, 0.00, True","31.00, 0.02, True","30.00, 0.01, True","4.00, 0.00, True","8.00, 0.00, True","26.00, 0.00, True","27.00, 0.00, True",A,0.611
template_3,"10.00, 0.05, False","26.00, 0.17, False","10.00, 0.07, False","29.00, 0.27, False","17.00, 0.17, False","15.00, 0.15, False","30.00, 0.28, False","17.00, 0.22, False","32.00, 0.35, False","30.00, 0.40, False","31.00, 0.40, False","32.00, 0.55, False","34.00, 0.81, False","37.00, 0.82, False","33.00, 0.81, False","31.00, 0.80, False","33.00, 0.90, False","34.00, 0.90, False","36.00, 0.91, False","33.00, 1.00, False","34.00, 1.00, False","35.00, 1.00, False","25.00, 1.00, False","35.00, 1.00, False",None,"13.00, 1.00, None","37.00, 0.91, True","19.00, 0.87, True","13.00, 0.71, True","21.00, 0.77, True","25.00, 0.68, True","33.00, 0.56, True","7.00, 0.19, True","31.00, 0.40, True","9.00, 0.17, True","38.00, 0.45, True","12.00, 0.16, True","30.00, 0.28, True","31.00, 0.29, True","31.00, 0.29, True","29.00, 0.27, True","16.00, 0.16, True","26.00, 0.21, True","28.00, 0.10, True","10.00, 0.01, True","31.00, 0.07, True","31.00, 0.06, True","11.00, 0.00, True","9.00, 0.00, True","25.00, 0.02, True","9.00, 0.00, True","8.00, 0.00, True","22.00, 0.00, True","23.00, 0.00, True","8.00, 0.00, True","10.00, 0.00, True",A,0.606
template_7,"15.00, 0.09, False","25.00, 0.16, False","17.00, 0.14, False","27.00, 0.26, False","20.00, 0.20, False","16.00, 0.16, False","33.00, 0.30, False","20.00, 0.25, False","32.00, 0.35, False","29.00, 0.39, False","31.00, 0.40, False","29.00, 0.53, False","32.00, 0.81, False","34.00, 0.81, False","34.00, 0.81, False","33.00, 0.81, False","35.00, 0.91, False","38.00, 0.91, False","36.00, 0.91, False","31.00, 1.00, False","37.00, 1.00, False","33.00, 1.00, False","29.00, 1.00, False","39.00, 1.00, False","13.00, 1.00, True",None,"37.00, 0.91, True","23.00, 0.89, True","4.00, 0.55, True","25.00, 0.78, True","28.00, 0.70, True","34.00, 0.56, True","5.00, 0.14, True","33.00, 0.42, True","7.00, 0.13, True","41.00, 0.46, True","5.00, 0.06, True","27.00, 0.26, True","32.00, 0.30, True","28.00, 0.27, True","26.00, 0.25, True","12.00, 0.12, True","29.00, 0.23, True","32.00, 0.11, True","4.00, 0.00, True","32.00, 0.07, True","34.00, 0.07, True","3.00, 0.00, True","1.00, 0.00, True","28.00, 0.02, True","2.00, 0.00, True","1.00, 0.00, True","25.00, 0.01, True","25.00, 0.01, True","4.00, 0.00, True","5.00, 0.00, True",A,0.606
template_47,"24.00, 0.10, False","29.00, 0.12, False","24.00, 0.12, False","26.00, 0.17, False","23.00, 0.15, False","26.00, 0.17, False","27.00, 0.18, False","25.00, 0.20, False","28.00, 0.22, False","28.00, 0.27, False","27.00, 0.26, False","29.00, 0.39, False","32.00, 0.63, False","31.00, 0.63, False","31.00, 0.63, False","29.00, 0.61, False","34.00, 0.72, False","32.00, 0.72, False","31.00, 0.71, False","6.00, 0.61, False","30.00, 0.80, False","31.00, 0.80, False","28.00, 0.79, False","33.00, 0.81, False","37.00, 0.91, False","37.00, 0.91, False",None,"28.00, 1.00, None","38.00, 1.00, True","21.00, 1.00, True","19.00, 0.87, True","32.00, 0.72, True","37.00, 0.65, True","36.00, 0.57, True","36.00, 0.57, True","17.00, 0.43, True","35.00, 0.49, True","34.00, 0.42, True","15.00, 0.26, True","32.00, 0.41, True","15.00, 0.26, True","34.00, 0.42, True","29.00, 0.33, True","31.00, 0.17, True","34.00, 0.15, True","28.00, 0.10, True","28.00, 0.08, True","34.00, 0.07, True","33.00, 0.06, True","26.00, 0.03, True","32.00, 0.05, True","32.00, 0.03, True","24.00, 0.01, True","25.00, 0.01, True","29.00, 0.00, True","29.00, 0.00, True",A,0.596
template_39,"7.00, 0.01, False","23.00, 0.09, False","10.00, 0.04, False","25.00, 0.16, False","5.00, 0.02, False","11.00, 0.06, False","25.00, 0.16, False","10.00, 0.07, False","24.00, 0.19, False","29.00, 0.27, False","24.00, 0.24, False","27.00, 0.37, False","27.00, 0.60, False","30.00, 0.62, False","29.00, 0.61, False","24.00, 0.58, False","31.00, 0.71, False","28.00, 0.70, False","29.00, 0.70, False","23.00, 0.78, False","28.00, 0.79, False","27.00, 0.79, False","12.00, 0.70, False","34.00, 0.81, False","19.00, 0.87, False","23.00, 0.89, False","28.00, 1.00, True",None,"24.00, 1.00, True","20.00, 1.00, True","22.00, 0.88, True","29.00, 0.70, True","20.00, 0.55, True","33.00, 0.56, True","20.00, 0.46, True","28.00, 0.53, True","21.00, 0.39, True","32.00, 0.41, True","25.00, 0.36, True","32.00, 0.41, True","24.00, 0.35, True","25.00, 0.36, True","29.00, 0.33, True","28.00, 0.15, True","20.00, 0.08, True","28.00, 0.10, True","30.00, 0.08, True","18.00, 0.02, True","19.00, 0.02, True","24.00, 0.03, True","19.00, 0.02, True","18.00, 0.01, True","21.00, 0.01, True","23.00, 0.01, True","19.00, 0.00, True","17.00, 0.00, True",A,0.596
template_5,"13.00, 0.03, False","24.00, 0.08, False","15.00, 0.05, False","25.00, 0.13, False","16.00, 0.07, False","14.00, 0.06, False","31.00, 0.17, False","17.00, 0.10, False","30.00, 0.19, False","28.00, 0.22, False","28.00, 0.22, False","27.00, 0.31, False","31.00, 0.54, False","34.00, 0.56, False","33.00, 0.56, False","31.00, 0.54, False","35.00, 0.64, False","35.00, 0.64, False","33.00, 0.64, False","30.00, 0.71, False","34.00, 0.72, False","32.00, 0.72, False","26.00, 0.69, False","36.00, 0.73, False","13.00, 0.71, False","4.00, 0.55, False","38.00, 1.00, False","24.00, 1.00, False",None,"27.00, 1.00, None","28.00, 1.00, True","35.00, 0.82, True","5.00, 0.42, True","34.00, 0.64, True","10.00, 0.42, True","43.00, 0.68, True","5.00, 0.21, True","28.00, 0.45, True","34.00, 0.49, True","30.00, 0.46, True","28.00, 0.45, True","13.00, 0.30, True","30.00, 0.40, True","35.00, 0.22, True","5.00, 0.01, True","35.00, 0.16, True","37.00, 0.14, True","4.00, 0.00, True","2.00, 0.00, True","31.00, 0.06, True","4.00, 0.00, True","2.00, 0.00, True","28.00, 0.02, True","28.00, 0.02, True","5.00, 0.00, True","7.00, 0.00, True",A,0.591
template_45,"12.00, 0.02, False","21.00, 0.06, False","11.00, 0.03, False","23.00, 0.12, False","13.00, 0.05, False","16.00, 0.07, False","24.00, 0.12, False","16.00, 0.10, False","25.00, 0.16, False","24.00, 0.19, False","25.00, 0.20, False","24.00, 0.29, False","28.00, 0.53, False","26.00, 0.51, False","29.00, 0.53, False","26.00, 0.51, False","32.00, 0.63, False","30.00, 0.62, False","28.00, 0.61, False","18.00, 0.64, False","29.00, 0.70, False","24.00, 0.68, False","23.00, 0.67, False","29.00, 0.70, False","21.00, 0.77, False","25.00, 0.78, False","21.00, 1.00, False","20.00, 1.00, False","27.00, 1.00, True",None,"17.00, 1.00, True","29.00, 0.80, True","22.00, 0.67, True","33.00, 0.64, True","24.00, 0.58, True","27.00, 0.60, True","23.00, 0.49, True","29.00, 0.46, True","20.00, 0.38, True","27.00, 0.44, True","19.00, 0.37, True","28.00, 0.45, True","27.00, 0.37, True","29.00, 0.19, True","23.00, 0.12, True","29.00, 0.12, True","31.00, 0.11, True","25.00, 0.05, True","24.00, 0.05, True","25.00, 0.04, True","24.00, 0.04, True","21.00, 0.02, True","22.00, 0.01, True","25.00, 0.01, True","19.00, 0.00, True","21.00, 0.00, True",A,0.591
template_51,"18.00, 0.04, False","25.00, 0.06, False","17.00, 0.04, False","26.00, 0.11, False","13.00, 0.04, False","21.00, 0.08, False","24.00, 0.10, False","19.00, 0.09, False","25.00, 0.13, False","25.00, 0.16, False","23.00, 0.15, False","29.00, 0.27, False","30.00, 0.46, False","30.00, 0.46, False","32.00, 0.48, False","26.00, 0.43, False","37.00, 0.58, False","32.00, 0.55, False","30.00, 0.54, False","16.00, 0.51, False","30.00, 0.62, False","32.00, 0.63, False","18.00, 0.53, False","35.00, 0.64, False","25.00, 0.68, False","28.00, 0.70, False","19.00, 0.87, False","22.00, 0.88, False","28.00, 1.00, False","17.00, 1.00, False",None,"32.00, 0.90, True","25.00, 0.78, True","36.00, 0.73, True","29.00, 0.70, True","26.00, 0.69, True","26.00, 0.60, True","32.00, 0.55, True","14.00, 0.39, True","30.00, 0.54, True","11.00, 0.34, True","28.00, 0.53, True","29.00, 0.46, True","35.00, 0.27, True","26.00, 0.17, True","32.00, 0.17, True","33.00, 0.15, True","28.00, 0.08, True","29.00, 0.08, True","28.00, 0.06, True","27.00, 0.06, True","26.00, 0.03, True","26.00, 0.02, True","26.00, 0.02, True","22.00, 0.00, True","23.00, 0.00, True",A,0.585
template_4,"23.00, 0.03, False","9.00, 0.00, False","24.00, 0.05, False","21.00, 0.05, False","22.00, 0.05, False","22.00, 0.05, False","14.00, 0.02, False","22.00, 0.07, False","9.00, 0.01, False","20.00, 0.08, False","6.00, 0.01, False","24.00, 0.16, False","3.00, 0.04, False","25.00, 0.30, False","10.00, 0.14, False","12.00, 0.16, False","13.00, 0.23, False","9.00, 0.17, False","11.00, 0.20, False","29.00, 0.46, False","10.00, 0.25, False","25.00, 0.43, False","29.00, 0.46, False","9.00, 0.23, False","33.00, 0.56, False","34.00, 0.56, False","32.00, 0.72, False","29.00, 0.70, False","35.00, 0.82, False","29.00, 0.80, False","32.00, 0.90, False",None,"37.00, 1.00, True","13.00, 0.85, True","38.00, 0.91, True","34.00, 0.90, True","35.00, 0.82, True","36.00, 0.73, True","34.00, 0.72, True","35.00, 0.73, True","34.00, 0.72, True","31.00, 0.71, True","15.00, 0.50, True","9.00, 0.12, True","32.00, 0.30, True","6.00, 0.03, True","5.00, 0.02, True","32.00, 0.14, True","31.00, 0.14, True","8.00, 0.01, True","32.00, 0.11, True","32.00, 0.07, True","7.00, 0.00, True","11.00, 0.00, True","27.00, 0.01, True","27.00, 0.00, True",B,0.575
template_9,"11.00, 0.00, False","24.00, 0.03, False","14.00, 0.01, False","25.00, 0.05, False","15.00, 0.02, False","15.00, 0.02, False","31.00, 0.07, False","15.00, 0.03, False","30.00, 0.08, False","26.00, 0.09, False","29.00, 0.10, False","27.00, 0.14, False","31.00, 0.29, False","32.00, 0.30, False","33.00, 0.30, False","29.00, 0.27, False","33.00, 0.36, False","34.00, 0.36, False","34.00, 0.36, False","30.00, 0.40, False","33.00, 0.42, False","33.00, 0.42, False","23.00, 0.34, False","35.00, 0.43, False","7.00, 0.19, False","5.00, 0.14, False","37.00, 0.65, False","20.00, 0.55, False","5.00, 0.42, False","22.00, 0.67, False","25.00, 0.78, False","37.00, 1.00, False",None,"37.00, 1.00, True","11.00, 1.00, True","43.00, 1.00, True","7.00, 0.80, True","30.00, 0.80, True","34.00, 0.81, True","32.00, 0.81, True","29.00, 0.80, True","12.00, 0.70, True","32.00, 0.72, True","36.00, 0.43, True","6.00, 0.08, True","37.00, 0.33, True","38.00, 0.28, True","7.00, 0.02, True","7.00, 0.02, True","32.00, 0.14, True","6.00, 0.01, True","4.00, 0.00, True","29.00, 0.05, True","29.00, 0.05, True","5.00, 0.00, True","8.00, 0.00, True",B,0.57
template_12,"28.00, 0.03, False","14.00, 0.01, False","29.00, 0.04, False","24.00, 0.04, False","30.00, 0.05, False","28.00, 0.05, False","14.00, 0.01, False","29.00, 0.06, False","14.00, 0.02, False","23.00, 0.06, False","14.00, 0.02, False","25.00, 0.10, False","9.00, 0.06, False","26.00, 0.21, False","13.00, 0.10, False","17.00, 0.14, False","13.00, 0.13, False","12.00, 0.12, False","18.00, 0.18, False","33.00, 0.36, False","15.00, 0.20, False","27.00, 0.31, False","33.00, 0.36, False","10.00, 0.14, False","31.00, 0.40, False","33.00, 0.42, False","36.00, 0.57, False","33.00, 0.56, False","34.00, 0.64, False","33.00, 0.64, False","36.00, 0.73, False","13.00, 0.85, False","37.00, 1.00, False",None,"37.00, 1.00, None","39.00, 1.00, None","36.00, 1.00, True","39.00, 0.91, True","38.00, 0.91, True","36.00, 0.91, True","38.00, 0.91, True","30.00, 0.90, True","13.00, 0.71, True","11.00, 0.26, True","32.00, 0.41, True","8.00, 0.11, True","8.00, 0.08, True","31.00, 0.20, True","31.00, 0.20, True","4.00, 0.01, True","31.00, 0.17, True","31.00, 0.11, True","3.00, 0.00, True","8.00, 0.00, True","25.00, 0.02, True","24.00, 0.01, True",B,0.565
template_17,"9.00, 0.00, False","24.00, 0.02, False","12.00, 0.01, False","26.00, 0.04, False","14.00, 0.01, False","11.00, 0.01, False","28.00, 0.05, False","13.00, 0.01, False","27.00, 0.06, False","28.00, 0.08, False","27.00, 0.07, False","29.00, 0.12, False","30.00, 0.24, False","33.00, 0.25, False","28.00, 0.22, False","27.00, 0.21, False","27.00, 0.26, False","32.00, 0.30, False","32.00, 0.30, False","29.00, 0.33, False","32.00, 0.35, False","29.00, 0.33, False","22.00, 0.27, False","35.00, 0.37, False","9.00, 0.17, False","7.00, 0.13, False","36.00, 0.57, False","20.00, 0.46, False","10.00, 0.42, False","24.00, 0.58, False","29.00, 0.70, False","38.00, 0.91, False","11.00, 1.00, False","37.00, 1.00, True",None,"45.00, 1.00, None","16.00, 1.00, True","34.00, 0.90, True","36.00, 0.91, True","34.00, 0.90, True","32.00, 0.90, True","19.00, 0.87, True","32.00, 0.81, True","33.00, 0.48, True","13.00, 0.23, True","33.00, 0.36, True","34.00, 0.31, True","10.00, 0.05, True","8.00, 0.04, True","29.00, 0.15, True","8.00, 0.02, True","7.00, 0.01, True","25.00, 0.05, True","25.00, 0.05, True","9.00, 0.00, True","11.00, 0.00, True",B,0.565
template_43,"23.00, 0.02, False","27.00, 0.03, False","27.00, 0.03, False","27.00, 0.04, False","24.00, 0.04, False","27.00, 0.04, False","26.00, 0.04, False","25.00, 0.05, False","27.00, 0.06, False","28.00, 0.08, False","25.00, 0.06, False","32.00, 0.14, False","28.00, 0.22, False","33.00, 0.25, False","29.00, 0.23, False","28.00, 0.22, False","32.00, 0.30, False","30.00, 0.28, False","29.00, 0.27, False","19.00, 0.24, False","30.00, 0.34, False","31.00, 0.34, False","24.00, 0.29, False","31.00, 0.34, False","38.00, 0.45, False","41.00, 0.46, False","17.00, 0.43, False","28.00, 0.53, False","43.00, 0.68, False","27.00, 0.60, False","26.00, 0.69, False","34.00, 0.90, False","43.00, 1.00, False","39.00, 1.00, True","45.00, 1.00, True",None,"43.00, 1.00, True","37.00, 0.91, True","20.00, 0.88, True","39.00, 0.91, True","25.00, 0.89, True","35.00, 0.91, True","35.00, 0.82, True","34.00, 0.49, True","42.00, 0.47, True","35.00, 0.37, True","34.00, 0.31, True","43.00, 0.27, True","44.00, 0.27, True","31.00, 0.17, True","43.00, 0.23, True","42.00, 0.16, True","27.00, 0.06, True","30.00, 0.07, True","37.00, 0.04, True","30.00, 0.01, True",B,0.565
template_11,"12.00, 0.00, False","24.00, 0.02, False","16.00, 0.01, False","23.00, 0.02, False","16.00, 0.01, False","14.00, 0.01, False","31.00, 0.04, False","16.00, 0.02, False","29.00, 0.05, False","25.00, 0.05, False","28.00, 0.06, False","25.00, 0.08, False","30.00, 0.19, False","31.00, 0.20, False","33.00, 0.21, False","29.00, 0.19, False","33.00, 0.25, False","34.00, 0.26, False","33.00, 0.25, False","28.00, 0.27, False","33.00, 0.30, False","31.00, 0.29, False","25.00, 0.25, False","32.00, 0.30, False","12.00, 0.16, False","5.00, 0.06, False","35.00, 0.49, False","21.00, 0.39, False","5.00, 0.21, False","23.00, 0.49, False","26.00, 0.60, False","35.00, 0.82, False","7.00, 0.80, False","36.00, 1.00, False","16.00, 1.00, False","43.00, 1.00, False",None,"33.00, 1.00, True","35.00, 1.00, True","32.00, 1.00, True","29.00, 1.00, True","13.00, 1.00, True","34.00, 0.90, True","35.00, 0.57, True","4.00, 0.12, True","36.00, 0.43, True","38.00, 0.39, True","5.00, 0.03, True","6.00, 0.03, True","32.00, 0.21, True","4.00, 0.01, True","4.00, 0.00, True","29.00, 0.08, True","30.00, 0.08, True","5.00, 0.00, True","7.00, 0.00, True",B,0.56
template_42,"25.00, 0.01, False","25.00, 0.01, False","26.00, 0.02, False","10.00, 0.00, False","30.00, 0.03, False","25.00, 0.02, False","23.00, 0.02, False","26.00, 0.03, False","28.00, 0.04, False","13.00, 0.01, False","26.00, 0.04, False","14.00, 0.02, False","30.00, 0.16, False","13.00, 0.05, False","31.00, 0.17, False","29.00, 0.15, False","33.00, 0.21, False","33.00, 0.21, False","26.00, 0.17, False","29.00, 0.23, False","31.00, 0.24, False","19.00, 0.15, False","32.00, 0.25, False","30.00, 0.24, False","30.00, 0.28, False","27.00, 0.26, False","34.00, 0.42, False","32.00, 0.41, False","28.00, 0.45, False","29.00, 0.46, False","32.00, 0.55, False","36.00, 0.73, False","30.00, 0.80, False","39.00, 0.91, False","34.00, 0.90, False","37.00, 0.91, False","33.00, 1.00, False",None,"35.00, 1.00, None","17.00, 1.00, None","37.00, 1.00, None","34.00, 1.00, None","32.00, 1.00, True","43.00, 0.68, True","31.00, 0.54, True","39.00, 0.52, True","40.00, 0.46, True","31.00, 0.29, True","29.00, 0.27, True","36.00, 0.27, True","31.00, 0.24, True","27.00, 0.14, True","35.00, 0.13, True","30.00, 0.11, True","28.00, 0.04, True","27.00, 0.02, True",B,0.554
template_55,"22.00, 0.01, False","26.00, 0.01, False","24.00, 0.02, False","27.00, 0.03, False","21.00, 0.02, False","27.00, 0.03, False","24.00, 0.02, False","26.00, 0.03, False","28.00, 0.04, False","27.00, 0.04, False","25.00, 0.04, False","28.00, 0.08, False","28.00, 0.15, False","29.00, 0.15, False","29.00, 0.15, False","27.00, 0.14, False","34.00, 0.22, False","32.00, 0.21, False","30.00, 0.19, False","15.00, 0.12, False","32.00, 0.25, False","32.00, 0.25, False","22.00, 0.18, False","34.00, 0.26, False","31.00, 0.29, False","32.00, 0.30, False","15.00, 0.26, False","25.00, 0.36, False","34.00, 0.49, False","20.00, 0.38, False","14.00, 0.39, False","34.00, 0.72, False","34.00, 0.81, False","38.00, 0.91, False","36.00, 0.91, False","20.00, 0.88, False","35.00, 1.00, False","35.00, 1.00, True",None,"36.00, 1.00, None","13.00, 1.00, None","30.00, 1.00, None","35.00, 1.00, True","39.00, 0.66, True","33.00, 0.56, True","35.00, 0.49, True","36.00, 0.43, True","36.00, 0.32, True","36.00, 0.32, True","33.00, 0.25, True","35.00, 0.27, True","34.00, 0.18, True","31.00, 0.11, True","30.00, 0.11, True","31.00, 0.04, True","29.00, 0.02, True",B,0.554
template_54,"24.00, 0.01, False","25.00, 0.01, False","28.00, 0.02, False","5.00, 0.00, False","30.00, 0.03, False","27.00, 0.03, False","23.00, 0.02, False","27.00, 0.03, False","27.00, 0.03, False","9.00, 0.00, False","29.00, 0.05, False","10.00, 0.01, False","28.00, 0.15, False","8.00, 0.02, False","32.00, 0.17, False","30.00, 0.16, False","33.00, 0.21, False","32.00, 0.21, False","31.00, 0.20, False","29.00, 0.23, False","32.00, 0.25, False","18.00, 0.14, False","35.00, 0.27, False","31.00, 0.24, False","31.00, 0.29, False","28.00, 0.27, False","32.00, 0.41, False","32.00, 0.41, False","30.00, 0.46, False","27.00, 0.44, False","30.00, 0.54, False","35.00, 0.73, False","32.00, 0.81, False","36.00, 0.91, False","34.00, 0.90, False","39.00, 0.91, False","32.00, 1.00, False","17.00, 1.00, True","36.00, 1.00, True",None,"35.00, 1.00, None","36.00, 1.00, None","32.00, 1.00, True","42.00, 0.67, True","32.00, 0.55, True","38.00, 0.51, True","39.00, 0.45, True","31.00, 0.29, True","29.00, 0.27, True","34.00, 0.26, True","30.00, 0.24, True","27.00, 0.14, True","32.00, 0.11, True","31.00, 0.11, True","26.00, 0.03, True","28.00, 0.02, True",B,0.554
template_53,"20.00, 0.01, False","25.00, 0.01, False","21.00, 0.01, False","24.00, 0.02, False","17.00, 0.01, False","23.00, 0.02, False","24.00, 0.02, False","21.00, 0.02, False","25.00, 0.03, False","25.00, 0.04, False","23.00, 0.03, False","26.00, 0.07, False","30.00, 0.16, False","27.00, 0.14, False","30.00, 0.16, False","27.00, 0.14, False","36.00, 0.23, False","31.00, 0.20, False","27.00, 0.18, False","11.00, 0.08, False","31.00, 0.24, False","29.00, 0.23, False","22.00, 0.18, False","34.00, 0.26, False","29.00, 0.27, False","26.00, 0.25, False","15.00, 0.26, False","24.00, 0.35, False","28.00, 0.45, False","19.00, 0.37, False","11.00, 0.34, False","34.00, 0.72, False","29.00, 0.80, False","38.00, 0.91, False","32.00, 0.90, False","25.00, 0.89, False","29.00, 1.00, False","37.00, 1.00, True","13.00, 1.00, True","35.00, 1.00, True",None,"29.00, 1.00, None","34.00, 1.00, True","40.00, 0.66, True","29.00, 0.53, True","36.00, 0.50, True","37.00, 0.44, True","30.00, 0.28, True","30.00, 0.28, True","33.00, 0.25, True","29.00, 0.23, True","28.00, 0.15, True","31.00, 0.11, True","30.00, 0.11, True","27.00, 0.03, True","26.00, 0.01, True",B,0.554
template_1,"18.00, 0.01, False","24.00, 0.01, False","23.00, 0.01, False","24.00, 0.02, False","20.00, 0.01, False","21.00, 0.02, False","29.00, 0.03, False","23.00, 0.02, False","28.00, 0.04, False","26.00, 0.04, False","27.00, 0.04, False","26.00, 0.07, False","27.00, 0.14, False","31.00, 0.17, False","30.00, 0.16, False","28.00, 0.15, False","30.00, 0.19, False","31.00, 0.20, False","31.00, 0.20, False","28.00, 0.22, False","31.00, 0.24, False","34.00, 0.26, False","24.00, 0.19, False","29.00, 0.23, False","16.00, 0.16, False","12.00, 0.12, False","34.00, 0.42, False","25.00, 0.36, False","13.00, 0.30, False","28.00, 0.45, False","28.00, 0.53, False","31.00, 0.71, False","12.00, 0.70, False","30.00, 0.90, False","19.00, 0.87, False","35.00, 0.91, False","13.00, 1.00, False","34.00, 1.00, True","30.00, 1.00, True","36.00, 1.00, True","29.00, 1.00, True",None,"30.00, 1.00, True","33.00, 0.64, True","11.00, 0.34, True","33.00, 0.48, True","34.00, 0.42, True","10.00, 0.10, True","13.00, 0.13, True","28.00, 0.22, True","9.00, 0.06, True","12.00, 0.05, True","26.00, 0.09, True","26.00, 0.09, True","10.00, 0.00, True","5.00, 0.00, True",B,0.554
template_0,"24.00, 0.01, False","14.00, 0.00, False","24.00, 0.01, False","22.00, 0.01, False","27.00, 0.02, False","24.00, 0.02, False","12.00, 0.00, False","23.00, 0.02, False","11.00, 0.00, False","21.00, 0.02, False","11.00, 0.00, False","24.00, 0.05, False","10.00, 0.02, False","22.00, 0.09, False","13.00, 0.04, False","16.00, 0.05, False","15.00, 0.07, False","10.00, 0.04, False","16.00, 0.07, False","27.00, 0.18, False","13.00, 0.07, False","23.00, 0.15, False","28.00, 0.18, False","12.00, 0.07, False","26.00, 0.21, False","29.00, 0.23, False","29.00, 0.33, False","29.00, 0.33, False","30.00, 0.40, False","27.00, 0.37, False","29.00, 0.46, False","15.00, 0.50, False","32.00, 0.72, False","13.00, 0.71, False","32.00, 0.81, False","35.00, 0.82, False","34.00, 0.90, False","32.00, 1.00, False","35.00, 1.00, False","32.00, 1.00, False","34.00, 1.00, False","30.00, 1.00, False",None,"16.00, 0.62, True","32.00, 0.63, True","13.00, 0.38, True","14.00, 0.31, True","33.00, 0.36, True","32.00, 0.35, True","11.00, 0.11, True","33.00, 0.30, True","31.00, 0.20, True","10.00, 0.02, True","6.00, 0.01, True","29.00, 0.05, True","27.00, 0.02, True",B,0.549
template_22,"25.00, 0.00, False","12.00, 0.00, False","22.00, 0.00, False","26.00, 0.01, False","24.00, 0.00, False","24.00, 0.00, False","15.00, 0.00, False","24.00, 0.01, False","12.00, 0.00, False","23.00, 0.01, False","12.00, 0.00, False","30.00, 0.03, False","7.00, 0.00, False","29.00, 0.05, False","9.00, 0.00, False","14.00, 0.01, False","5.00, 0.00, False","6.00, 0.00, False","16.00, 0.02, False","30.00, 0.08, False","11.00, 0.01, False","26.00, 0.07, False","29.00, 0.08, False","7.00, 0.01, False","28.00, 0.10, False","32.00, 0.11, False","31.00, 0.17, False","28.00, 0.15, False","35.00, 0.22, False","29.00, 0.19, False","35.00, 0.27, False","9.00, 0.12, False","36.00, 0.43, False","11.00, 0.26, False","33.00, 0.48, False","34.00, 0.49, False","35.00, 0.57, False","43.00, 0.68, False","39.00, 0.66, False","42.00, 0.67, False","40.00, 0.66, False","33.00, 0.64, False","16.00, 0.62, False",None,"38.00, 1.00, True","10.00, 0.83, True","7.00, 0.63, True","38.00, 0.66, True","37.00, 0.65, True","8.00, 0.29, True","37.00, 0.58, True","35.00, 0.43, True","6.00, 0.05, True","9.00, 0.09, True","32.00, 0.14, True","31.00, 0.07, True",B,0.528
template_13,"13.00, 0.00, False","23.00, 0.00, False","15.00, 0.00, False","22.00, 0.00, False","16.00, 0.00, False","14.00, 0.00, False","31.00, 0.01, False","16.00, 0.00, False","28.00, 0.01, False","24.00, 0.01, False","27.00, 0.01, False","25.00, 0.01, False","28.00, 0.04, False","28.00, 0.04, False","29.00, 0.04, False","28.00, 0.04, False","28.00, 0.05, False","32.00, 0.06, False","31.00, 0.06, False","29.00, 0.06, False","32.00, 0.07, False","30.00, 0.07, False","23.00, 0.04, False","30.00, 0.07, False","10.00, 0.01, False","4.00, 0.00, False","34.00, 0.15, False","20.00, 0.08, False","5.00, 0.01, False","23.00, 0.12, False","26.00, 0.17, False","32.00, 0.30, False","6.00, 0.08, False","32.00, 0.41, False","13.00, 0.23, False","42.00, 0.47, False","4.00, 0.12, False","31.00, 0.54, False","33.00, 0.56, False","32.00, 0.55, False","29.00, 0.53, False","11.00, 0.34, False","32.00, 0.63, False","38.00, 1.00, False",None,"38.00, 1.00, True","40.00, 0.91, True","6.00, 0.45, True","8.00, 0.50, True","35.00, 0.64, True","5.00, 0.30, True","7.00, 0.19, True","32.00, 0.35, True","33.00, 0.36, True","5.00, 0.01, True","8.00, 0.01, True",B,0.523
template_18,"26.00, 0.00, False","9.00, 0.00, False","25.00, 0.00, False","23.00, 0.00, False","24.00, 0.00, False","24.00, 0.00, False","14.00, 0.00, False","24.00, 0.00, False","9.00, 0.00, False","22.00, 0.00, False","10.00, 0.00, False","25.00, 0.01, False","7.00, 0.00, False","24.00, 0.02, False","7.00, 0.00, False","13.00, 0.00, False","5.00, 0.00, False","8.00, 0.00, False","14.00, 0.01, False","27.00, 0.04, False","10.00, 0.01, False","23.00, 0.03, False","28.00, 0.05, False","7.00, 0.00, False","31.00, 0.07, False","32.00, 0.07, False","28.00, 0.10, False","28.00, 0.10, False","35.00, 0.16, False","29.00, 0.12, False","32.00, 0.17, False","6.00, 0.03, False","37.00, 0.33, False","8.00, 0.11, False","33.00, 0.36, False","35.00, 0.37, False","36.00, 0.43, False","39.00, 0.52, False","35.00, 0.49, False","38.00, 0.51, False","36.00, 0.50, False","33.00, 0.48, False","13.00, 0.38, False","10.00, 0.83, False","38.00, 1.00, False",None,"4.00, 1.00, True","38.00, 0.82, True","36.00, 0.82, True","7.00, 0.48, True","36.00, 0.73, True","36.00, 0.57, True","5.00, 0.10, True","7.00, 0.13, True","32.00, 0.21, True","29.00, 0.10, True",C,0.518
template_20,"27.00, 0.00, False","9.00, 0.00, False","25.00, 0.00, False","23.00, 0.00, False","26.00, 0.00, False","26.00, 0.00, False","15.00, 0.00, False","26.00, 0.00, False","9.00, 0.00, False","22.00, 0.00, False","8.00, 0.00, False","25.00, 0.01, False","5.00, 0.00, False","25.00, 0.02, False","5.00, 0.00, False","12.00, 0.00, False","4.00, 0.00, False","6.00, 0.00, False","14.00, 0.01, False","28.00, 0.04, False","8.00, 0.00, False","21.00, 0.02, False","30.00, 0.04, False","4.00, 0.00, False","31.00, 0.06, False","34.00, 0.07, False","28.00, 0.08, False","30.00, 0.08, False","37.00, 0.14, False","31.00, 0.11, False","33.00, 0.15, False","5.00, 0.02, False","38.00, 0.28, False","8.00, 0.08, False","34.00, 0.31, False","34.00, 0.31, False","38.00, 0.39, False","40.00, 0.46, False","36.00, 0.43, False","39.00, 0.45, False","37.00, 0.44, False","34.00, 0.42, False","14.00, 0.31, False","7.00, 0.63, False","40.00, 0.91, False","4.00, 1.00, False",None,"42.00, 0.91, True","40.00, 0.91, True","7.00, 0.63, True","40.00, 0.83, True","39.00, 0.66, True","6.00, 0.17, True","8.00, 0.21, True","35.00, 0.27, True","33.00, 0.15, True",C,0.513
template_25,"12.00, 0.00, False","23.00, 0.00, False","16.00, 0.00, False","20.00, 0.00, False","15.00, 0.00, False","13.00, 0.00, False","29.00, 0.00, False","16.00, 0.00, False","26.00, 0.00, False","25.00, 0.00, False","27.00, 0.00, False","24.00, 0.00, False","28.00, 0.01, False","27.00, 0.01, False","29.00, 0.01, False","28.00, 0.01, False","29.00, 0.02, False","33.00, 0.02, False","29.00, 0.02, False","27.00, 0.02, False","31.00, 0.03, False","30.00, 0.03, False","22.00, 0.01, False","31.00, 0.03, False","11.00, 0.00, False","3.00, 0.00, False","34.00, 0.07, False","18.00, 0.02, False","4.00, 0.00, False","25.00, 0.05, False","28.00, 0.08, False","32.00, 0.14, False","7.00, 0.02, False","31.00, 0.20, False","10.00, 0.05, False","43.00, 0.27, False","5.00, 0.03, False","31.00, 0.29, False","36.00, 0.32, False","31.00, 0.29, False","30.00, 0.28, False","10.00, 0.10, False","33.00, 0.36, False","38.00, 0.66, False","6.00, 0.45, False","38.00, 0.82, False","42.00, 0.91, False",None,"6.00, 1.00, None","37.00, 1.00, True","3.00, 1.00, True","6.00, 0.61, True","34.00, 0.64, True","35.00, 0.64, True","3.00, 0.04, True","6.00, 0.02, True",B,0.503
template_21,"9.00, 0.00, False","20.00, 0.00, False","13.00, 0.00, False","18.00, 0.00, False","14.00, 0.00, False","12.00, 0.00, False","26.00, 0.00, False","15.00, 0.00, False","25.00, 0.00, False","22.00, 0.00, False","25.00, 0.00, False","21.00, 0.00, False","27.00, 0.01, False","27.00, 0.01, False","28.00, 0.01, False","27.00, 0.01, False","28.00, 0.02, False","33.00, 0.02, False","28.00, 0.02, False","26.00, 0.02, False","30.00, 0.03, False","26.00, 0.02, False","22.00, 0.01, False","31.00, 0.03, False","9.00, 0.00, False","1.00, 0.00, False","33.00, 0.06, False","19.00, 0.02, False","2.00, 0.00, False","24.00, 0.05, False","29.00, 0.08, False","31.00, 0.14, False","7.00, 0.02, False","31.00, 0.20, False","8.00, 0.04, False","44.00, 0.27, False","6.00, 0.03, False","29.00, 0.27, False","36.00, 0.32, False","29.00, 0.27, False","30.00, 0.28, False","13.00, 0.13, False","32.00, 0.35, False","37.00, 0.65, False","8.00, 0.50, False","36.00, 0.82, False","40.00, 0.91, False","6.00, 1.00, True",None,"37.00, 1.00, True","4.00, 1.00, True","3.00, 0.51, True","33.00, 0.64, True","33.00, 0.64, True","4.00, 0.05, True","7.00, 0.03, True",B,0.503
template_24,"23.00, 0.00, False","12.00, 0.00, False","21.00, 0.00, False","21.00, 0.00, False","22.00, 0.00, False","22.00, 0.00, False","13.00, 0.00, False","23.00, 0.00, False","10.00, 0.00, False","20.00, 0.00, False","11.00, 0.00, False","22.00, 0.00, False","6.00, 0.00, False","21.00, 0.00, False","8.00, 0.00, False","12.00, 0.00, False","6.00, 0.00, False","7.00, 0.00, False","16.00, 0.00, False","25.00, 0.01, False","10.00, 0.00, False","20.00, 0.01, False","26.00, 0.01, False","3.00, 0.00, False","25.00, 0.02, False","28.00, 0.02, False","26.00, 0.03, False","24.00, 0.03, False","31.00, 0.06, False","25.00, 0.04, False","28.00, 0.06, False","8.00, 0.01, False","32.00, 0.14, False","4.00, 0.01, False","29.00, 0.15, False","31.00, 0.17, False","32.00, 0.21, False","36.00, 0.27, False","33.00, 0.25, False","34.00, 0.26, False","33.00, 0.25, False","28.00, 0.22, False","11.00, 0.11, False","8.00, 0.29, False","35.00, 0.64, False","7.00, 0.48, False","7.00, 0.63, False","37.00, 1.00, False","37.00, 1.00, False",None,"37.00, 1.00, None","36.00, 0.91, True","3.00, 0.34, True","7.00, 0.48, True","31.00, 0.40, True","31.00, 0.24, True",C,0.497
template_19,"12.00, 0.00, False","22.00, 0.00, False","16.00, 0.00, False","19.00, 0.00, False","16.00, 0.00, False","13.00, 0.00, False","29.00, 0.00, False","16.00, 0.00, False","27.00, 0.00, False","23.00, 0.00, False","27.00, 0.00, False","22.00, 0.00, False","28.00, 0.01, False","28.00, 0.01, False","29.00, 0.01, False","28.00, 0.01, False","27.00, 0.01, False","33.00, 0.02, False","30.00, 0.02, False","25.00, 0.01, False","31.00, 0.02, False","28.00, 0.02, False","23.00, 0.01, False","31.00, 0.02, False","9.00, 0.00, False","2.00, 0.00, False","32.00, 0.05, False","19.00, 0.02, False","4.00, 0.00, False","24.00, 0.04, False","27.00, 0.06, False","32.00, 0.11, False","6.00, 0.01, False","31.00, 0.17, False","8.00, 0.02, False","43.00, 0.23, False","4.00, 0.01, False","31.00, 0.24, False","35.00, 0.27, False","30.00, 0.24, False","29.00, 0.23, False","9.00, 0.06, False","33.00, 0.30, False","37.00, 0.58, False","5.00, 0.30, False","36.00, 0.73, False","40.00, 0.83, False","3.00, 1.00, False","4.00, 1.00, False","37.00, 1.00, True",None,"6.00, 0.79, True","34.00, 0.72, True","34.00, 0.72, True","3.00, 0.06, True","6.00, 0.03, True",B,0.497
template_23,"8.00, 0.00, False","20.00, 0.00, False","11.00, 0.00, False","17.00, 0.00, False","13.00, 0.00, False","11.00, 0.00, False","27.00, 0.00, False","14.00, 0.00, False","25.00, 0.00, False","20.00, 0.00, False","25.00, 0.00, False","20.00, 0.00, False","28.00, 0.01, False","25.00, 0.00, False","29.00, 0.01, False","25.00, 0.00, False","28.00, 0.01, False","32.00, 0.01, False","28.00, 0.01, False","25.00, 0.01, False","29.00, 0.01, False","25.00, 0.01, False","22.00, 0.00, False","30.00, 0.01, False","8.00, 0.00, False","1.00, 0.00, False","32.00, 0.03, False","18.00, 0.01, False","2.00, 0.00, False","21.00, 0.02, False","26.00, 0.03, False","32.00, 0.07, False","4.00, 0.00, False","31.00, 0.11, False","7.00, 0.01, False","42.00, 0.16, False","4.00, 0.00, False","27.00, 0.14, False","34.00, 0.18, False","27.00, 0.14, False","28.00, 0.15, False","12.00, 0.05, False","31.00, 0.20, False","35.00, 0.43, False","7.00, 0.19, False","36.00, 0.57, False","39.00, 0.66, False","6.00, 0.61, False","3.00, 0.51, False","36.00, 0.91, False","6.00, 0.79, False",None,"34.00, 0.90, True","35.00, 0.91, True","6.00, 0.24, True","11.00, 0.15, True",B,0.487
template_26,"18.00, 0.00, False","11.00, 0.00, False","16.00, 0.00, False","21.00, 0.00, False","18.00, 0.00, False","18.00, 0.00, False","12.00, 0.00, False","19.00, 0.00, False","9.00, 0.00, False","19.00, 0.00, False","9.00, 0.00, False","23.00, 0.00, False","5.00, 0.00, False","21.00, 0.00, False","8.00, 0.00, False","9.00, 0.00, False","5.00, 0.00, False","6.00, 0.00, False","13.00, 0.00, False","22.00, 0.00, False","7.00, 0.00, False","19.00, 0.00, False","21.00, 0.00, False","4.00, 0.00, False","22.00, 0.00, False","25.00, 0.01, False","24.00, 0.01, False","21.00, 0.01, False","28.00, 0.02, False","22.00, 0.01, False","26.00, 0.02, False","7.00, 0.00, False","29.00, 0.05, False","3.00, 0.00, False","25.00, 0.05, False","27.00, 0.06, False","29.00, 0.08, False","35.00, 0.13, False","31.00, 0.11, False","32.00, 0.11, False","31.00, 0.11, False","26.00, 0.09, False","10.00, 0.02, False","6.00, 0.05, False","32.00, 0.35, False","5.00, 0.10, False","6.00, 0.17, False","34.00, 0.64, False","33.00, 0.64, False","3.00, 0.34, False","34.00, 0.72, False","34.00, 0.90, False",None,"10.00, 1.00, None","31.00, 0.71, True","30.00, 0.46, True",C,0.477
template_14,"22.00, 0.00, False","13.00, 0.00, False","21.00, 0.00, False","21.00, 0.00, False","22.00, 0.00, False","21.00, 0.00, False","14.00, 0.00, False","20.00, 0.00, False","12.00, 0.00, False","22.00, 0.00, False","11.00, 0.00, False","24.00, 0.00, False","8.00, 0.00, False","21.00, 0.00, False","9.00, 0.00, False","14.00, 0.00, False","7.00, 0.00, False","8.00, 0.00, False","17.00, 0.00, False","22.00, 0.00, False","10.00, 0.00, False","18.00, 0.00, False","24.00, 0.00, False","8.00, 0.00, False","23.00, 0.00, False","25.00, 0.01, False","25.00, 0.01, False","23.00, 0.01, False","28.00, 0.02, False","25.00, 0.01, False","26.00, 0.02, False","11.00, 0.00, False","29.00, 0.05, False","8.00, 0.00, False","25.00, 0.05, False","30.00, 0.07, False","30.00, 0.08, False","30.00, 0.11, False","30.00, 0.11, False","31.00, 0.11, False","30.00, 0.11, False","26.00, 0.09, False","6.00, 0.01, False","9.00, 0.09, False","33.00, 0.36, False","7.00, 0.13, False","8.00, 0.21, False","35.00, 0.64, False","33.00, 0.64, False","7.00, 0.48, False","34.00, 0.72, False","35.00, 0.91, False","10.00, 1.00, True",None,"34.00, 0.72, True","32.00, 0.48, True",C,0.477
template_27,"10.00, 0.00, False","21.00, 0.00, False","13.00, 0.00, False","16.00, 0.00, False","15.00, 0.00, False","13.00, 0.00, False","26.00, 0.00, False","15.00, 0.00, False","25.00, 0.00, False","20.00, 0.00, False","24.00, 0.00, False","20.00, 0.00, False","25.00, 0.00, False","24.00, 0.00, False","27.00, 0.00, False","24.00, 0.00, False","25.00, 0.00, False","30.00, 0.00, False","25.00, 0.00, False","24.00, 0.00, False","27.00, 0.00, False","26.00, 0.00, False","19.00, 0.00, False","26.00, 0.00, False","8.00, 0.00, False","4.00, 0.00, False","29.00, 0.00, False","19.00, 0.00, False","5.00, 0.00, False","19.00, 0.00, False","22.00, 0.00, False","27.00, 0.01, False","5.00, 0.00, False","25.00, 0.02, False","9.00, 0.00, False","37.00, 0.04, False","5.00, 0.00, False","28.00, 0.04, False","31.00, 0.04, False","26.00, 0.03, False","27.00, 0.03, False","10.00, 0.00, False","29.00, 0.05, False","32.00, 0.14, False","5.00, 0.01, False","32.00, 0.21, False","35.00, 0.27, False","3.00, 0.04, False","4.00, 0.05, False","31.00, 0.40, False","3.00, 0.06, False","6.00, 0.24, False","31.00, 0.71, False","34.00, 0.72, False",None,"10.00, 0.68, True",C,0.456
template_15,"12.00, 0.00, False","20.00, 0.00, False","15.00, 0.00, False","16.00, 0.00, False","15.00, 0.00, False","14.00, 0.00, False","22.00, 0.00, False","16.00, 0.00, False","24.00, 0.00, False","20.00, 0.00, False","24.00, 0.00, False","20.00, 0.00, False","25.00, 0.00, False","26.00, 0.00, False","25.00, 0.00, False","24.00, 0.00, False","23.00, 0.00, False","27.00, 0.00, False","24.00, 0.00, False","23.00, 0.00, False","27.00, 0.00, False","25.00, 0.00, False","19.00, 0.00, False","27.00, 0.00, False","10.00, 0.00, False","5.00, 0.00, False","29.00, 0.00, False","17.00, 0.00, False","7.00, 0.00, False","21.00, 0.00, False","23.00, 0.00, False","27.00, 0.00, False","8.00, 0.00, False","24.00, 0.01, False","11.00, 0.00, False","30.00, 0.01, False","7.00, 0.00, False","27.00, 0.02, False","29.00, 0.02, False","28.00, 0.02, False","26.00, 0.01, False","5.00, 0.00, False","27.00, 0.02, False","31.00, 0.07, False","8.00, 0.01, False","29.00, 0.10, False","33.00, 0.15, False","6.00, 0.02, False","7.00, 0.03, False","31.00, 0.24, False","6.00, 0.03, False","11.00, 0.15, False","30.00, 0.46, False","32.00, 0.48, False","10.00, 0.68, False",None,C,0.44
