"statistic, pvalue, row is better than column",best set: template_25,template_7,template_44,template_19,template_45,template_9,template_49,template_3,template_54,template_13,template_33,template_17,template_46,template_30,template_18,template_32,template_51,template_11,template_43,template_23,template_5,template_35,template_26,template_2,template_40,template_29,template_42,template_52,template_15,template_16,template_20,template_24,template_39,template_47,template_14,template_22,template_36,template_48,template_50,template_21,template_55,template_53,template_41,template_10,template_27,template_1,template_0,template_6,template_12,template_31,template_34,template_8,template_38,template_4,template_28,template_37,group
best set: template_25,None,"13.00, 1.00, True","11.00, 0.84, True","11.00, 0.69, True","9.00, 0.52, True","9.00, 0.52, True","10.00, 0.54, True","10.00, 0.54, True","8.00, 0.50, True","10.00, 0.42, True","8.00, 0.38, True","9.00, 0.40, True","9.00, 0.40, True","11.00, 0.34, True","9.00, 0.31, True","10.00, 0.33, True","8.00, 0.29, True","9.00, 0.31, True","8.00, 0.29, True","7.00, 0.19, True","10.00, 0.25, True","8.00, 0.21, True","8.00, 0.21, True","6.00, 0.17, True","9.00, 0.17, True","9.00, 0.17, True","7.00, 0.13, True","9.00, 0.17, True","6.00, 0.12, True","8.00, 0.15, True","12.00, 0.22, True","8.00, 0.11, True","7.00, 0.09, True","8.00, 0.11, True","8.00, 0.11, True","4.00, 0.03, True","8.00, 0.08, True","7.00, 0.06, True","5.00, 0.03, True","5.00, 0.03, True","4.00, 0.02, True","3.00, 0.01, True","6.00, 0.02, True","10.00, 0.04, True","3.00, 0.00, True","5.00, 0.01, True","7.00, 0.02, True","9.00, 0.03, True","7.00, 0.02, True","8.00, 0.02, True","6.00, 0.01, True","6.00, 0.01, True","8.00, 0.01, True","7.00, 0.01, True","7.00, 0.00, True","7.00, 0.00, True",A
template_7,"13.00, 1.00, False",None,"12.00, 1.00, True","8.00, 0.81, True","12.00, 0.70, True","10.00, 0.68, True","6.00, 0.61, True","12.00, 0.70, True","15.00, 0.73, True","13.00, 0.58, True","12.00, 0.57, True","10.00, 0.54, True","12.00, 0.57, True","10.00, 0.42, True","11.00, 0.44, True","9.00, 0.40, True","11.00, 0.44, True","12.00, 0.46, True","10.00, 0.42, True","9.00, 0.31, True","4.00, 0.18, True","8.00, 0.29, True","13.00, 0.38, True","10.00, 0.33, True","13.00, 0.30, True","9.00, 0.23, True","12.00, 0.28, True","16.00, 0.34, True","9.00, 0.23, True","7.00, 0.19, True","7.00, 0.19, True","14.00, 0.24, True","13.00, 0.23, True","7.00, 0.13, True","10.00, 0.18, True","10.00, 0.14, True","10.00, 0.14, True","9.00, 0.12, True","11.00, 0.11, True","4.00, 0.03, True","10.00, 0.10, True","10.00, 0.10, True","13.00, 0.10, True","12.00, 0.07, True","10.00, 0.05, True","10.00, 0.05, True","8.00, 0.04, True","10.00, 0.05, True","10.00, 0.05, True","10.00, 0.04, True","7.00, 0.02, True","9.00, 0.03, True","9.00, 0.02, True","10.00, 0.02, True","9.00, 0.01, True","10.00, 0.01, True",A
template_44,"11.00, 0.84, False","12.00, 1.00, False",None,"13.00, 1.00, True","9.00, 0.82, True","10.00, 0.83, True","13.00, 0.85, True","10.00, 0.83, True","12.00, 0.85, True","10.00, 0.68, True","17.00, 0.74, True","9.00, 0.66, True","11.00, 0.69, True","8.00, 0.50, True","11.00, 0.56, True","11.00, 0.56, True","11.00, 0.56, True","10.00, 0.54, True","11.00, 0.56, True","11.00, 0.44, True","7.00, 0.36, True","14.00, 0.49, True","8.00, 0.38, True","6.00, 0.33, True","9.00, 0.31, True","14.00, 0.39, True","9.00, 0.31, True","10.00, 0.33, True","10.00, 0.33, True","4.00, 0.18, True","12.00, 0.36, True","9.00, 0.23, True","11.00, 0.26, True","10.00, 0.25, True","10.00, 0.25, True","7.00, 0.13, True","10.00, 0.18, True","9.00, 0.17, True","5.00, 0.06, True","9.00, 0.12, True","9.00, 0.12, True","9.00, 0.12, True","10.00, 0.10, True","7.00, 0.04, True","12.00, 0.09, True","10.00, 0.07, True","7.00, 0.04, True","7.00, 0.04, True","7.00, 0.04, True","11.00, 0.06, True","8.00, 0.04, True","6.00, 0.02, True","9.00, 0.03, True","8.00, 0.02, True","10.00, 0.01, True","10.00, 0.01, True",A
template_19,"11.00, 0.69, False","8.00, 0.81, False","13.00, 1.00, False",None,"10.00, 1.00, True","9.00, 1.00, True","6.00, 1.00, True","11.00, 1.00, True","17.00, 1.00, True","12.00, 0.85, True","9.00, 0.82, True","9.00, 0.82, True","15.00, 0.86, True","13.00, 0.71, True","14.00, 0.72, True","12.00, 0.70, True","9.00, 0.66, True","11.00, 0.69, True","10.00, 0.68, True","8.00, 0.50, True","6.00, 0.45, True","11.00, 0.56, True","13.00, 0.58, True","10.00, 0.54, True","16.00, 0.51, True","11.00, 0.44, True","12.00, 0.46, True","17.00, 0.52, True","8.00, 0.38, True","11.00, 0.44, True","12.00, 0.46, True","13.00, 0.38, True","10.00, 0.33, True","5.00, 0.21, True","11.00, 0.34, True","10.00, 0.25, True","14.00, 0.31, True","10.00, 0.25, True","11.00, 0.20, True","3.00, 0.06, True","7.00, 0.13, True","8.00, 0.15, True","11.00, 0.15, True","12.00, 0.12, True","8.00, 0.08, True","8.00, 0.08, True","11.00, 0.11, True","10.00, 0.10, True","10.00, 0.10, True","11.00, 0.08, True","9.00, 0.06, True","11.00, 0.08, True","11.00, 0.06, True","11.00, 0.04, True","11.00, 0.02, True","9.00, 0.01, True",A
template_45,"9.00, 0.52, False","12.00, 0.70, False","9.00, 0.82, False","10.00, 1.00, False",None,"8.00, 1.00, None","9.00, 1.00, None","6.00, 1.00, None","14.00, 1.00, None","11.00, 1.00, True","10.00, 1.00, True","5.00, 1.00, True","15.00, 1.00, True","11.00, 0.84, True","10.00, 0.83, True","13.00, 0.85, True","5.00, 0.77, True","10.00, 0.83, True","4.00, 0.75, True","9.00, 0.66, True","7.00, 0.63, True","11.00, 0.69, True","10.00, 0.68, True","7.00, 0.63, True","11.00, 0.56, True","10.00, 0.54, True","11.00, 0.56, True","11.00, 0.56, True","7.00, 0.48, True","9.00, 0.52, True","12.00, 0.57, True","10.00, 0.42, True","10.00, 0.42, True","5.00, 0.30, True","9.00, 0.40, True","8.00, 0.29, True","14.00, 0.39, True","10.00, 0.33, True","9.00, 0.23, True","9.00, 0.23, True","7.00, 0.19, True","6.00, 0.17, True","7.00, 0.13, True","8.00, 0.11, True","9.00, 0.12, True","6.00, 0.08, True","7.00, 0.09, True","7.00, 0.09, True","6.00, 0.08, True","10.00, 0.10, True","10.00, 0.10, True","8.00, 0.08, True","12.00, 0.09, True","7.00, 0.03, True","13.00, 0.04, True","8.00, 0.02, True",A
template_9,"9.00, 0.52, False","10.00, 0.68, False","10.00, 0.83, False","9.00, 1.00, False","8.00, 1.00, True",None,"9.00, 1.00, None","8.00, 1.00, None","15.00, 1.00, None","11.00, 1.00, True","10.00, 1.00, True","9.00, 1.00, True","16.00, 1.00, True","11.00, 0.84, True","14.00, 0.86, True","13.00, 0.85, True","8.00, 0.81, True","8.00, 0.81, True","7.00, 0.80, True","7.00, 0.63, True","5.00, 0.58, True","11.00, 0.69, True","13.00, 0.71, True","8.00, 0.65, True","11.00, 0.56, True","11.00, 0.56, True","11.00, 0.56, True","14.00, 0.60, True","8.00, 0.50, True","8.00, 0.50, True","13.00, 0.58, True","9.00, 0.40, True","7.00, 0.36, True","6.00, 0.33, True","10.00, 0.42, True","8.00, 0.29, True","13.00, 0.38, True","11.00, 0.34, True","12.00, 0.28, True","7.00, 0.19, True","8.00, 0.21, True","10.00, 0.25, True","9.00, 0.17, True","9.00, 0.12, True","8.00, 0.11, True","4.00, 0.05, True","9.00, 0.12, True","7.00, 0.09, True","7.00, 0.09, True","10.00, 0.10, True","9.00, 0.09, True","8.00, 0.08, True","10.00, 0.07, True","8.00, 0.04, True","10.00, 0.02, True","7.00, 0.01, True",A
template_49,"10.00, 0.54, False","6.00, 0.61, False","13.00, 0.85, False","6.00, 1.00, False","9.00, 1.00, True","9.00, 1.00, True",None,"11.00, 1.00, None","15.00, 1.00, None","12.00, 1.00, True","8.00, 1.00, True","11.00, 1.00, True","13.00, 1.00, True","13.00, 0.85, True","12.00, 0.85, True","11.00, 0.84, True","8.00, 0.81, True","12.00, 0.85, True","7.00, 0.80, True","9.00, 0.66, True","7.00, 0.63, True","6.00, 0.61, True","13.00, 0.71, True","9.00, 0.66, True","13.00, 0.58, True","7.00, 0.48, True","11.00, 0.56, True","14.00, 0.60, True","7.00, 0.48, True","9.00, 0.52, True","8.00, 0.50, True","12.00, 0.46, True","9.00, 0.40, True","3.00, 0.23, True","7.00, 0.36, True","8.00, 0.29, True","12.00, 0.36, True","8.00, 0.29, True","10.00, 0.25, True","4.00, 0.12, True","5.00, 0.14, True","7.00, 0.19, True","8.00, 0.15, True","11.00, 0.15, True","10.00, 0.14, True","9.00, 0.12, True","8.00, 0.11, True","9.00, 0.12, True","9.00, 0.12, True","12.00, 0.12, True","8.00, 0.08, True","7.00, 0.06, True","11.00, 0.08, True","9.00, 0.04, True","12.00, 0.03, True","8.00, 0.02, True",A
template_3,"10.00, 0.54, False","12.00, 0.70, False","10.00, 0.83, False","11.00, 1.00, False","6.00, 1.00, True","8.00, 1.00, True","11.00, 1.00, True",None,"16.00, 1.00, None","11.00, 1.00, True","11.00, 1.00, True","5.00, 1.00, True","16.00, 1.00, True","14.00, 0.86, True","12.00, 0.85, True","14.00, 0.86, True","9.00, 0.82, True","10.00, 0.83, True","7.00, 0.80, True","10.00, 0.68, True","7.00, 0.63, True","10.00, 0.68, True","10.00, 0.68, True","8.00, 0.65, True","11.00, 0.56, True","11.00, 0.56, True","12.00, 0.57, True","13.00, 0.58, True","8.00, 0.50, True","10.00, 0.54, True","14.00, 0.60, True","11.00, 0.44, True","11.00, 0.44, True","8.00, 0.38, True","10.00, 0.42, True","10.00, 0.33, True","14.00, 0.39, True","12.00, 0.36, True","10.00, 0.25, True","10.00, 0.25, True","9.00, 0.23, True","9.00, 0.23, True","9.00, 0.17, True","8.00, 0.11, True","8.00, 0.11, True","5.00, 0.06, True","7.00, 0.09, True","9.00, 0.12, True","6.00, 0.08, True","8.00, 0.08, True","11.00, 0.11, True","8.00, 0.08, True","11.00, 0.08, True","8.00, 0.04, True","11.00, 0.03, True","5.00, 0.01, True",A
template_54,"8.00, 0.50, False","15.00, 0.73, False","12.00, 0.85, False","17.00, 1.00, False","14.00, 1.00, True","15.00, 1.00, True","15.00, 1.00, True","16.00, 1.00, True",None,"13.00, 1.00, True","16.00, 1.00, True","14.00, 1.00, True","9.00, 1.00, True","17.00, 0.87, True","15.00, 0.86, True","14.00, 0.86, True","12.00, 0.85, True","13.00, 0.85, True","11.00, 0.84, True","14.00, 0.72, True","14.00, 0.72, True","13.00, 0.71, True","11.00, 0.69, True","11.00, 0.69, True","9.00, 0.52, True","13.00, 0.58, True","5.00, 0.42, True","3.00, 0.34, True","13.00, 0.58, True","10.00, 0.54, True","14.00, 0.60, True","9.00, 0.40, True","12.00, 0.46, True","12.00, 0.46, True","9.00, 0.40, True","8.00, 0.29, True","11.00, 0.34, True","7.00, 0.26, True","6.00, 0.17, True","11.00, 0.26, True","9.00, 0.23, True","8.00, 0.21, True","8.00, 0.15, True","10.00, 0.14, True","11.00, 0.15, True","11.00, 0.15, True","8.00, 0.11, True","13.00, 0.18, True","9.00, 0.12, True","11.00, 0.11, True","10.00, 0.10, True","10.00, 0.10, True","9.00, 0.06, True","11.00, 0.06, True","12.00, 0.03, True","12.00, 0.03, True",A
template_13,"10.00, 0.42, False","13.00, 0.58, False","10.00, 0.68, False","12.00, 0.85, False","11.00, 1.00, False","11.00, 1.00, False","12.00, 1.00, False","11.00, 1.00, False","13.00, 1.00, False",None,"16.00, 1.00, None","10.00, 1.00, None","17.00, 1.00, None","16.00, 1.00, True","12.00, 1.00, True","16.00, 1.00, True","12.00, 1.00, True","9.00, 1.00, True","11.00, 1.00, True","12.00, 0.85, True","11.00, 0.84, True","11.00, 0.84, True","9.00, 0.82, True","9.00, 0.82, True","12.00, 0.70, True","12.00, 0.70, True","12.00, 0.70, True","11.00, 0.69, True","7.00, 0.63, True","11.00, 0.69, True","12.00, 0.70, True","11.00, 0.56, True","11.00, 0.56, True","11.00, 0.56, True","12.00, 0.57, True","9.00, 0.40, True","14.00, 0.49, True","11.00, 0.44, True","11.00, 0.34, True","10.00, 0.33, True","7.00, 0.26, True","11.00, 0.34, True","10.00, 0.25, True","9.00, 0.17, True","5.00, 0.10, True","7.00, 0.13, True","9.00, 0.17, True","10.00, 0.18, True","6.00, 0.12, True","12.00, 0.16, True","11.00, 0.15, True","9.00, 0.12, True","11.00, 0.11, True","8.00, 0.05, True","10.00, 0.04, True","10.00, 0.04, True",A
template_33,"8.00, 0.38, False","12.00, 0.57, False","17.00, 0.74, False","9.00, 0.82, False","10.00, 1.00, False","10.00, 1.00, False","8.00, 1.00, False","11.00, 1.00, False","16.00, 1.00, False","16.00, 1.00, True",None,"14.00, 1.00, None","17.00, 1.00, None","15.00, 1.00, True","13.00, 1.00, True","12.00, 1.00, True","11.00, 1.00, True","11.00, 1.00, True","11.00, 1.00, True","9.00, 0.82, True","12.00, 0.85, True","6.00, 0.79, True","13.00, 0.85, True","13.00, 0.85, True","16.00, 0.74, True","6.00, 0.61, True","11.00, 0.69, True","15.00, 0.73, True","11.00, 0.69, True","14.00, 0.72, True","15.00, 0.73, True","13.00, 0.58, True","7.00, 0.48, True","7.00, 0.48, True","9.00, 0.52, True","11.00, 0.44, True","16.00, 0.51, True","12.00, 0.46, True","12.00, 0.36, True","9.00, 0.31, True","10.00, 0.33, True","9.00, 0.31, True","9.00, 0.23, True","13.00, 0.23, True","10.00, 0.18, True","6.00, 0.12, True","10.00, 0.18, True","13.00, 0.23, True","11.00, 0.20, True","9.00, 0.12, True","10.00, 0.14, True","11.00, 0.15, True","11.00, 0.11, True","10.00, 0.07, True","10.00, 0.04, True","5.00, 0.01, True",A
template_17,"9.00, 0.40, False","10.00, 0.54, False","9.00, 0.66, False","9.00, 0.82, False","5.00, 1.00, False","9.00, 1.00, False","11.00, 1.00, False","5.00, 1.00, False","14.00, 1.00, False","10.00, 1.00, True","14.00, 1.00, True",None,"16.00, 1.00, None","12.00, 1.00, True","11.00, 1.00, True","12.00, 1.00, True","9.00, 1.00, True","11.00, 1.00, True","8.00, 1.00, True","10.00, 0.83, True","9.00, 0.82, True","12.00, 0.85, True","9.00, 0.82, True","7.00, 0.80, True","11.00, 0.69, True","12.00, 0.70, True","13.00, 0.71, True","13.00, 0.71, True","9.00, 0.66, True","8.00, 0.65, True","12.00, 0.70, True","10.00, 0.54, True","13.00, 0.58, True","8.00, 0.50, True","10.00, 0.54, True","8.00, 0.38, True","13.00, 0.47, True","11.00, 0.44, True","11.00, 0.34, True","9.00, 0.31, True","8.00, 0.29, True","9.00, 0.31, True","10.00, 0.25, True","8.00, 0.15, True","8.00, 0.15, True","6.00, 0.12, True","7.00, 0.13, True","9.00, 0.17, True","5.00, 0.10, True","11.00, 0.15, True","10.00, 0.14, True","9.00, 0.12, True","11.00, 0.11, True","9.00, 0.06, True","11.00, 0.04, True","9.00, 0.03, True",A
template_46,"9.00, 0.40, False","12.00, 0.57, False","11.00, 0.69, False","15.00, 0.86, False","15.00, 1.00, False","16.00, 1.00, False","13.00, 1.00, False","16.00, 1.00, False","9.00, 1.00, False","17.00, 1.00, True","17.00, 1.00, True","16.00, 1.00, True",None,"13.00, 1.00, True","10.00, 1.00, True","10.00, 1.00, True","15.00, 1.00, True","16.00, 1.00, True","14.00, 1.00, True","15.00, 0.86, True","14.00, 0.86, True","13.00, 0.85, True","13.00, 0.85, True","12.00, 0.85, True","11.00, 0.69, True","14.00, 0.72, True","7.00, 0.63, True","9.00, 0.66, True","13.00, 0.71, True","12.00, 0.70, True","10.00, 0.68, True","12.00, 0.57, True","12.00, 0.57, True","11.00, 0.56, True","10.00, 0.54, True","10.00, 0.42, True","9.00, 0.40, True","4.00, 0.27, True","6.00, 0.24, True","11.00, 0.34, True","11.00, 0.34, True","10.00, 0.33, True","12.00, 0.28, True","11.00, 0.20, True","12.00, 0.22, True","12.00, 0.22, True","10.00, 0.18, True","10.00, 0.18, True","11.00, 0.20, True","14.00, 0.19, True","7.00, 0.09, True","8.00, 0.11, True","8.00, 0.08, True","8.00, 0.05, True","11.00, 0.04, True","15.00, 0.07, True",A
template_30,"11.00, 0.34, False","10.00, 0.42, False","8.00, 0.50, False","13.00, 0.71, False","11.00, 0.84, False","11.00, 0.84, False","13.00, 0.85, False","14.00, 0.86, False","17.00, 0.87, False","16.00, 1.00, False","15.00, 1.00, False","12.00, 1.00, False","13.00, 1.00, False",None,"10.00, 1.00, None","9.00, 1.00, None","14.00, 1.00, None","16.00, 1.00, None","15.00, 1.00, None","13.00, 1.00, True","13.00, 1.00, True","17.00, 1.00, True","12.00, 1.00, True","10.00, 1.00, True","12.00, 0.85, True","14.00, 0.86, True","15.00, 0.86, True","15.00, 0.86, True","15.00, 0.86, True","9.00, 0.82, True","10.00, 0.83, True","10.00, 0.68, True","12.00, 0.70, True","12.00, 0.70, True","12.00, 0.70, True","12.00, 0.57, True","12.00, 0.57, True","8.00, 0.50, True","12.00, 0.46, True","12.00, 0.46, True","14.00, 0.49, True","15.00, 0.50, True","14.00, 0.39, True","13.00, 0.30, True","15.00, 0.32, True","14.00, 0.31, True","8.00, 0.21, True","7.00, 0.19, True","10.00, 0.25, True","12.00, 0.22, True","6.00, 0.12, True","9.00, 0.17, True","10.00, 0.14, True","8.00, 0.08, True","11.00, 0.06, True","10.00, 0.05, True",A
template_18,"9.00, 0.31, False","11.00, 0.44, False","11.00, 0.56, False","14.00, 0.72, False","10.00, 0.83, False","14.00, 0.86, False","12.00, 0.85, False","12.00, 0.85, False","15.00, 0.86, False","12.00, 1.00, False","13.00, 1.00, False","11.00, 1.00, False","10.00, 1.00, False","10.00, 1.00, True",None,"9.00, 1.00, None","17.00, 1.00, None","14.00, 1.00, None","13.00, 1.00, None","14.00, 1.00, True","14.00, 1.00, True","14.00, 1.00, True","9.00, 1.00, True","10.00, 1.00, True","10.00, 0.83, True","12.00, 0.85, True","12.00, 0.85, True","13.00, 0.85, True","12.00, 0.85, True","9.00, 0.82, True","6.00, 0.79, True","10.00, 0.68, True","12.00, 0.70, True","12.00, 0.70, True","7.00, 0.63, True","9.00, 0.52, True","10.00, 0.54, True","8.00, 0.50, True","11.00, 0.44, True","11.00, 0.44, True","11.00, 0.44, True","12.00, 0.46, True","14.00, 0.39, True","9.00, 0.23, True","11.00, 0.26, True","10.00, 0.25, True","6.00, 0.17, True","9.00, 0.23, True","7.00, 0.19, True","14.00, 0.24, True","6.00, 0.12, True","7.00, 0.13, True","10.00, 0.14, True","6.00, 0.05, True","11.00, 0.06, True","10.00, 0.05, True",A
template_32,"10.00, 0.33, False","9.00, 0.40, False","11.00, 0.56, False","12.00, 0.70, False","13.00, 0.85, False","13.00, 0.85, False","11.00, 0.84, False","14.00, 0.86, False","14.00, 0.86, False","16.00, 1.00, False","12.00, 1.00, False","12.00, 1.00, False","10.00, 1.00, False","9.00, 1.00, True","9.00, 1.00, True",None,"17.00, 1.00, None","16.00, 1.00, None","16.00, 1.00, None","15.00, 1.00, True","13.00, 1.00, True","13.00, 1.00, True","11.00, 1.00, True","11.00, 1.00, True","10.00, 0.83, True","12.00, 0.85, True","14.00, 0.86, True","12.00, 0.85, True","14.00, 0.86, True","12.00, 0.85, True","10.00, 0.83, True","10.00, 0.68, True","11.00, 0.69, True","12.00, 0.70, True","10.00, 0.68, True","12.00, 0.57, True","9.00, 0.52, True","5.00, 0.42, True","9.00, 0.40, True","11.00, 0.44, True","13.00, 0.47, True","12.00, 0.46, True","12.00, 0.36, True","11.00, 0.26, True","14.00, 0.31, True","11.00, 0.26, True","8.00, 0.21, True","12.00, 0.28, True","8.00, 0.21, True","12.00, 0.22, True","1.00, 0.02, True","8.00, 0.15, True","8.00, 0.11, True","8.00, 0.08, True","9.00, 0.04, True","10.00, 0.05, True",A
template_51,"8.00, 0.29, False","11.00, 0.44, False","11.00, 0.56, False","9.00, 0.66, False","5.00, 0.77, False","8.00, 0.81, False","8.00, 0.81, False","9.00, 0.82, False","12.00, 0.85, False","12.00, 1.00, False","11.00, 1.00, False","9.00, 1.00, False","15.00, 1.00, False","14.00, 1.00, True","17.00, 1.00, True","17.00, 1.00, True",None,"14.00, 1.00, None","6.00, 1.00, None","7.00, 1.00, True","10.00, 1.00, True","11.00, 1.00, True","13.00, 1.00, True","10.00, 1.00, True","13.00, 0.85, True","13.00, 0.85, True","11.00, 0.84, True","13.00, 0.85, True","8.00, 0.81, True","12.00, 0.85, True","14.00, 0.86, True","11.00, 0.69, True","10.00, 0.68, True","7.00, 0.63, True","11.00, 0.69, True","9.00, 0.52, True","15.00, 0.61, True","13.00, 0.58, True","10.00, 0.42, True","9.00, 0.40, True","8.00, 0.38, True","7.00, 0.36, True","8.00, 0.29, True","12.00, 0.28, True","10.00, 0.25, True","9.00, 0.23, True","8.00, 0.21, True","10.00, 0.25, True","10.00, 0.25, True","11.00, 0.20, True","12.00, 0.22, True","9.00, 0.17, True","14.00, 0.19, True","11.00, 0.11, True","12.00, 0.07, True","8.00, 0.04, True",A
template_11,"9.00, 0.31, False","12.00, 0.46, False","10.00, 0.54, False","11.00, 0.69, False","10.00, 0.83, False","8.00, 0.81, False","12.00, 0.85, False","10.00, 0.83, False","13.00, 0.85, False","9.00, 1.00, False","11.00, 1.00, False","11.00, 1.00, False","16.00, 1.00, False","16.00, 1.00, True","14.00, 1.00, True","16.00, 1.00, True","14.00, 1.00, True",None,"12.00, 1.00, None","12.00, 1.00, True","12.00, 1.00, True","12.00, 1.00, True","11.00, 1.00, True","12.00, 1.00, True","13.00, 0.85, True","10.00, 0.83, True","12.00, 0.85, True","14.00, 0.86, True","13.00, 0.85, True","13.00, 0.85, True","15.00, 0.86, True","12.00, 0.70, True","7.00, 0.63, True","11.00, 0.69, True","13.00, 0.71, True","10.00, 0.54, True","14.00, 0.60, True","12.00, 0.57, True","12.00, 0.46, True","12.00, 0.46, True","9.00, 0.40, True","11.00, 0.44, True","8.00, 0.29, True","10.00, 0.25, True","10.00, 0.25, True","6.00, 0.17, True","12.00, 0.28, True","12.00, 0.28, True","8.00, 0.21, True","11.00, 0.20, True","12.00, 0.22, True","12.00, 0.22, True","11.00, 0.15, True","9.00, 0.09, True","11.00, 0.06, True","7.00, 0.03, True",A
template_43,"8.00, 0.29, False","10.00, 0.42, False","11.00, 0.56, False","10.00, 0.68, False","4.00, 0.75, False","7.00, 0.80, False","7.00, 0.80, False","7.00, 0.80, False","11.00, 0.84, False","11.00, 1.00, False","11.00, 1.00, False","8.00, 1.00, False","14.00, 1.00, False","15.00, 1.00, True","13.00, 1.00, True","16.00, 1.00, True","6.00, 1.00, True","12.00, 1.00, True",None,"10.00, 1.00, True","10.00, 1.00, True","9.00, 1.00, True","13.00, 1.00, True","8.00, 1.00, True","12.00, 0.85, True","11.00, 0.84, True","10.00, 0.83, True","12.00, 0.85, True","8.00, 0.81, True","10.00, 0.83, True","12.00, 0.85, True","12.00, 0.70, True","10.00, 0.68, True","6.00, 0.61, True","10.00, 0.68, True","8.00, 0.50, True","13.00, 0.58, True","11.00, 0.56, True","11.00, 0.44, True","7.00, 0.36, True","6.00, 0.33, True","6.00, 0.33, True","10.00, 0.33, True","9.00, 0.23, True","9.00, 0.23, True","7.00, 0.19, True","6.00, 0.17, True","9.00, 0.23, True","7.00, 0.19, True","12.00, 0.22, True","12.00, 0.22, True","8.00, 0.15, True","12.00, 0.16, True","9.00, 0.09, True","14.00, 0.08, True","7.00, 0.03, True",A
template_23,"7.00, 0.19, False","9.00, 0.31, False","11.00, 0.44, False","8.00, 0.50, False","9.00, 0.66, False","7.00, 0.63, False","9.00, 0.66, False","10.00, 0.68, False","14.00, 0.72, False","12.00, 0.85, False","9.00, 0.82, False","10.00, 0.83, False","15.00, 0.86, False","13.00, 1.00, False","14.00, 1.00, False","15.00, 1.00, False","7.00, 1.00, False","12.00, 1.00, False","10.00, 1.00, False",None,"9.00, 1.00, None","11.00, 1.00, None","13.00, 1.00, None","11.00, 1.00, None","15.00, 1.00, True","13.00, 1.00, True","13.00, 1.00, True","16.00, 1.00, True","9.00, 1.00, True","10.00, 1.00, True","12.00, 1.00, True","12.00, 0.85, True","12.00, 0.85, True","8.00, 0.81, True","11.00, 0.84, True","11.00, 0.69, True","16.00, 0.74, True","13.00, 0.71, True","12.00, 0.57, True","7.00, 0.48, True","9.00, 0.52, True","11.00, 0.56, True","12.00, 0.46, True","12.00, 0.36, True","10.00, 0.33, True","8.00, 0.29, True","10.00, 0.33, True","10.00, 0.33, True","9.00, 0.31, True","9.00, 0.23, True","12.00, 0.28, True","9.00, 0.23, True","13.00, 0.23, True","9.00, 0.12, True","11.00, 0.08, True","8.00, 0.05, True",A
template_5,"10.00, 0.25, False","4.00, 0.18, False","7.00, 0.36, False","6.00, 0.45, False","7.00, 0.63, False","5.00, 0.58, False","7.00, 0.63, False","7.00, 0.63, False","14.00, 0.72, False","11.00, 0.84, False","12.00, 0.85, False","9.00, 0.82, False","14.00, 0.86, False","13.00, 1.00, False","14.00, 1.00, False","13.00, 1.00, False","10.00, 1.00, False","12.00, 1.00, False","10.00, 1.00, False","9.00, 1.00, True",None,"12.00, 1.00, None","13.00, 1.00, None","11.00, 1.00, None","15.00, 1.00, True","13.00, 1.00, True","13.00, 1.00, True","16.00, 1.00, True","9.00, 1.00, True","9.00, 1.00, True","14.00, 1.00, True","13.00, 0.85, True","13.00, 0.85, True","7.00, 0.80, True","11.00, 0.84, True","11.00, 0.69, True","14.00, 0.72, True","12.00, 0.70, True","12.00, 0.57, True","7.00, 0.48, True","10.00, 0.54, True","12.00, 0.57, True","12.00, 0.46, True","11.00, 0.34, True","10.00, 0.33, True","9.00, 0.31, True","10.00, 0.33, True","10.00, 0.33, True","9.00, 0.31, True","10.00, 0.25, True","11.00, 0.26, True","9.00, 0.23, True","9.00, 0.17, True","10.00, 0.14, True","10.00, 0.07, True","10.00, 0.07, True",A
template_35,"8.00, 0.21, False","8.00, 0.29, False","14.00, 0.49, False","11.00, 0.56, False","11.00, 0.69, False","11.00, 0.69, False","6.00, 0.61, False","10.00, 0.68, False","13.00, 0.71, False","11.00, 0.84, False","6.00, 0.79, False","12.00, 0.85, False","13.00, 0.85, False","17.00, 1.00, False","14.00, 1.00, False","13.00, 1.00, False","11.00, 1.00, False","12.00, 1.00, False","9.00, 1.00, False","11.00, 1.00, True","12.00, 1.00, True",None,"13.00, 1.00, None","13.00, 1.00, None","15.00, 1.00, True","7.00, 1.00, True","12.00, 1.00, True","14.00, 1.00, True","9.00, 1.00, True","14.00, 1.00, True","13.00, 1.00, True","15.00, 0.86, True","9.00, 0.82, True","8.00, 0.81, True","10.00, 0.83, True","12.00, 0.70, True","14.00, 0.72, True","11.00, 0.69, True","11.00, 0.56, True","10.00, 0.54, True","9.00, 0.52, True","8.00, 0.50, True","11.00, 0.44, True","13.00, 0.38, True","10.00, 0.33, True","10.00, 0.33, True","9.00, 0.31, True","13.00, 0.38, True","10.00, 0.33, True","9.00, 0.23, True","11.00, 0.26, True","10.00, 0.25, True","10.00, 0.18, True","10.00, 0.14, True","9.00, 0.06, True","6.00, 0.03, True",A
template_26,"8.00, 0.21, False","13.00, 0.38, False","8.00, 0.38, False","13.00, 0.58, False","10.00, 0.68, False","13.00, 0.71, False","13.00, 0.71, False","10.00, 0.68, False","11.00, 0.69, False","9.00, 0.82, False","13.00, 0.85, False","9.00, 0.82, False","13.00, 0.85, False","12.00, 1.00, False","9.00, 1.00, False","11.00, 1.00, False","13.00, 1.00, False","11.00, 1.00, False","13.00, 1.00, False","13.00, 1.00, True","13.00, 1.00, True","13.00, 1.00, True",None,"6.00, 1.00, None","8.00, 1.00, True","12.00, 1.00, True","9.00, 1.00, True","8.00, 1.00, True","13.00, 1.00, True","9.00, 1.00, True","13.00, 1.00, True","5.00, 0.77, True","13.00, 0.85, True","14.00, 0.86, True","6.00, 0.79, True","7.00, 0.63, True","9.00, 0.66, True","10.00, 0.68, True","8.00, 0.50, True","12.00, 0.57, True","9.00, 0.52, True","12.00, 0.57, True","12.00, 0.46, True","5.00, 0.21, True","9.00, 0.31, True","11.00, 0.34, True","4.00, 0.18, True","11.00, 0.34, True","4.00, 0.18, True","10.00, 0.25, True","10.00, 0.25, True","7.00, 0.19, True","5.00, 0.10, True","6.00, 0.08, True","7.00, 0.04, True","9.00, 0.06, True",A
template_2,"6.00, 0.17, False","10.00, 0.33, False","6.00, 0.33, False","10.00, 0.54, False","7.00, 0.63, False","8.00, 0.65, False","9.00, 0.66, False","8.00, 0.65, False","11.00, 0.69, False","9.00, 0.82, False","13.00, 0.85, False","7.00, 0.80, False","12.00, 0.85, False","10.00, 1.00, False","10.00, 1.00, False","11.00, 1.00, False","10.00, 1.00, False","12.00, 1.00, False","8.00, 1.00, False","11.00, 1.00, True","11.00, 1.00, True","13.00, 1.00, True","6.00, 1.00, True",None,"8.00, 1.00, True","13.00, 1.00, True","11.00, 1.00, True","9.00, 1.00, True","9.00, 1.00, True","7.00, 1.00, True","12.00, 1.00, True","9.00, 0.82, True","12.00, 0.85, True","10.00, 0.83, True","7.00, 0.80, True","9.00, 0.66, True","10.00, 0.68, True","9.00, 0.66, True","11.00, 0.56, True","8.00, 0.50, True","7.00, 0.48, True","9.00, 0.52, True","12.00, 0.46, True","6.00, 0.24, True","9.00, 0.31, True","9.00, 0.31, True","4.00, 0.18, True","7.00, 0.26, True","4.00, 0.18, True","12.00, 0.28, True","9.00, 0.23, True","6.00, 0.17, True","9.00, 0.17, True","6.00, 0.08, True","11.00, 0.08, True","11.00, 0.08, True",A
template_40,"9.00, 0.17, False","13.00, 0.30, False","9.00, 0.31, False","16.00, 0.51, False","11.00, 0.56, False","11.00, 0.56, False","13.00, 0.58, False","11.00, 0.56, False","9.00, 0.52, False","12.00, 0.70, False","16.00, 0.74, False","11.00, 0.69, False","11.00, 0.69, False","12.00, 0.85, False","10.00, 0.83, False","10.00, 0.83, False","13.00, 0.85, False","13.00, 0.85, False","12.00, 0.85, False","15.00, 1.00, False","15.00, 1.00, False","15.00, 1.00, False","8.00, 1.00, False","8.00, 1.00, False",None,"13.00, 1.00, None","11.00, 1.00, None","8.00, 1.00, None","15.00, 1.00, None","10.00, 1.00, None","13.00, 1.00, None","5.00, 1.00, True","14.00, 1.00, True","16.00, 1.00, True","9.00, 1.00, True","10.00, 0.83, True","8.00, 0.81, True","10.00, 0.83, True","11.00, 0.69, True","15.00, 0.73, True","11.00, 0.69, True","12.00, 0.70, True","11.00, 0.56, True","4.00, 0.27, True","14.00, 0.49, True","12.00, 0.46, True","6.00, 0.33, True","13.00, 0.47, True","5.00, 0.30, True","15.00, 0.41, True","10.00, 0.33, True","8.00, 0.29, True","9.00, 0.23, True","8.00, 0.15, True","7.00, 0.06, True","12.00, 0.12, True",A
template_29,"9.00, 0.17, False","9.00, 0.23, False","14.00, 0.39, False","11.00, 0.44, False","10.00, 0.54, False","11.00, 0.56, False","7.00, 0.48, False","11.00, 0.56, False","13.00, 0.58, False","12.00, 0.70, False","6.00, 0.61, False","12.00, 0.70, False","14.00, 0.72, False","14.00, 0.86, False","12.00, 0.85, False","12.00, 0.85, False","13.00, 0.85, False","10.00, 0.83, False","11.00, 0.84, False","13.00, 1.00, False","13.00, 1.00, False","7.00, 1.00, False","12.00, 1.00, False","13.00, 1.00, False","13.00, 1.00, True",None,"13.00, 1.00, None","15.00, 1.00, None","13.00, 1.00, None","14.00, 1.00, None","15.00, 1.00, None","14.00, 1.00, True","10.00, 1.00, True","10.00, 1.00, True","9.00, 1.00, True","12.00, 0.85, True","15.00, 0.86, True","11.00, 0.84, True","12.00, 0.70, True","11.00, 0.69, True","11.00, 0.69, True","11.00, 0.69, True","11.00, 0.56, True","11.00, 0.44, True","13.00, 0.47, True","9.00, 0.40, True","9.00, 0.40, True","14.00, 0.49, True","10.00, 0.42, True","12.00, 0.36, True","12.00, 0.36, True","10.00, 0.33, True","11.00, 0.26, True","9.00, 0.17, True","10.00, 0.10, True","9.00, 0.09, True",A
template_42,"7.00, 0.13, False","12.00, 0.28, False","9.00, 0.31, False","12.00, 0.46, False","11.00, 0.56, False","11.00, 0.56, False","11.00, 0.56, False","12.00, 0.57, False","5.00, 0.42, False","12.00, 0.70, False","11.00, 0.69, False","13.00, 0.71, False","7.00, 0.63, False","15.00, 0.86, False","12.00, 0.85, False","14.00, 0.86, False","11.00, 0.84, False","12.00, 0.85, False","10.00, 0.83, False","13.00, 1.00, False","13.00, 1.00, False","12.00, 1.00, False","9.00, 1.00, False","11.00, 1.00, False","11.00, 1.00, True","13.00, 1.00, True",None,"8.00, 1.00, None","13.00, 1.00, None","11.00, 1.00, None","16.00, 1.00, None","9.00, 1.00, True","10.00, 1.00, True","13.00, 1.00, True","9.00, 1.00, True","8.00, 0.81, True","13.00, 0.85, True","9.00, 0.82, True","7.00, 0.63, True","10.00, 0.68, True","11.00, 0.69, True","11.00, 0.69, True","10.00, 0.54, True","8.00, 0.38, True","12.00, 0.46, True","11.00, 0.44, True","8.00, 0.38, True","12.00, 0.46, True","10.00, 0.42, True","12.00, 0.36, True","11.00, 0.34, True","9.00, 0.31, True","9.00, 0.23, True","11.00, 0.20, True","11.00, 0.11, True","11.00, 0.11, True",A
template_52,"9.00, 0.17, False","16.00, 0.34, False","10.00, 0.33, False","17.00, 0.52, False","11.00, 0.56, False","14.00, 0.60, False","14.00, 0.60, False","13.00, 0.58, False","3.00, 0.34, False","11.00, 0.69, False","15.00, 0.73, False","13.00, 0.71, False","9.00, 0.66, False","15.00, 0.86, False","13.00, 0.85, False","12.00, 0.85, False","13.00, 0.85, False","14.00, 0.86, False","12.00, 0.85, False","16.00, 1.00, False","16.00, 1.00, False","14.00, 1.00, False","8.00, 1.00, False","9.00, 1.00, False","8.00, 1.00, True","15.00, 1.00, True","8.00, 1.00, True",None,"15.00, 1.00, None","12.00, 1.00, None","15.00, 1.00, None","8.00, 1.00, True","13.00, 1.00, True","15.00, 1.00, True","9.00, 1.00, True","12.00, 0.85, True","12.00, 0.85, True","8.00, 0.81, True","8.00, 0.65, True","16.00, 0.74, True","11.00, 0.69, True","10.00, 0.68, True","9.00, 0.52, True","8.00, 0.38, True","13.00, 0.47, True","13.00, 0.47, True","7.00, 0.36, True","12.00, 0.46, True","8.00, 0.38, True","13.00, 0.38, True","11.00, 0.34, True","10.00, 0.33, True","8.00, 0.21, True","9.00, 0.17, True","12.00, 0.12, True","13.00, 0.13, True",A
template_15,"6.00, 0.12, False","9.00, 0.23, False","10.00, 0.33, False","8.00, 0.38, False","7.00, 0.48, False","8.00, 0.50, False","7.00, 0.48, False","8.00, 0.50, False","13.00, 0.58, False","7.00, 0.63, False","11.00, 0.69, False","9.00, 0.66, False","13.00, 0.71, False","15.00, 0.86, False","12.00, 0.85, False","14.00, 0.86, False","8.00, 0.81, False","13.00, 0.85, False","8.00, 0.81, False","9.00, 1.00, False","9.00, 1.00, False","9.00, 1.00, False","13.00, 1.00, False","9.00, 1.00, False","15.00, 1.00, True","13.00, 1.00, True","13.00, 1.00, True","15.00, 1.00, True",None,"13.00, 1.00, None","13.00, 1.00, None","15.00, 1.00, True","13.00, 1.00, True","9.00, 1.00, True","10.00, 1.00, True","12.00, 0.85, True","16.00, 0.86, True","12.00, 0.85, True","13.00, 0.71, True","10.00, 0.68, True","11.00, 0.69, True","12.00, 0.70, True","12.00, 0.57, True","13.00, 0.47, True","6.00, 0.33, True","8.00, 0.38, True","9.00, 0.40, True","10.00, 0.42, True","9.00, 0.40, True","10.00, 0.33, True","11.00, 0.34, True","8.00, 0.29, True","15.00, 0.32, True","10.00, 0.18, True","12.00, 0.12, True","10.00, 0.10, True",A
template_16,"8.00, 0.15, False","7.00, 0.19, False","4.00, 0.18, False","11.00, 0.44, False","9.00, 0.52, False","8.00, 0.50, False","9.00, 0.52, False","10.00, 0.54, False","10.00, 0.54, False","11.00, 0.69, False","14.00, 0.72, False","8.00, 0.65, False","12.00, 0.70, False","9.00, 0.82, False","9.00, 0.82, False","12.00, 0.85, False","12.00, 0.85, False","13.00, 0.85, False","10.00, 0.83, False","10.00, 1.00, False","9.00, 1.00, False","14.00, 1.00, False","9.00, 1.00, False","7.00, 1.00, False","10.00, 1.00, True","14.00, 1.00, True","11.00, 1.00, True","12.00, 1.00, True","13.00, 1.00, True",None,"10.00, 1.00, None","9.00, 1.00, True","15.00, 1.00, True","11.00, 1.00, True","7.00, 1.00, True","7.00, 0.80, True","11.00, 0.84, True","10.00, 0.83, True","11.00, 0.69, True","8.00, 0.65, True","11.00, 0.69, True","12.00, 0.70, True","13.00, 0.58, True","7.00, 0.36, True","12.00, 0.46, True","12.00, 0.46, True","6.00, 0.33, True","8.00, 0.38, True","8.00, 0.38, True","12.00, 0.36, True","11.00, 0.34, True","6.00, 0.24, True","9.00, 0.23, True","9.00, 0.17, True","12.00, 0.12, True","10.00, 0.10, True",A
template_20,"12.00, 0.22, False","7.00, 0.19, False","12.00, 0.36, False","12.00, 0.46, False","12.00, 0.57, False","13.00, 0.58, False","8.00, 0.50, False","14.00, 0.60, False","14.00, 0.60, False","12.00, 0.70, False","15.00, 0.73, False","12.00, 0.70, False","10.00, 0.68, False","10.00, 0.83, False","6.00, 0.79, False","10.00, 0.83, False","14.00, 0.86, False","15.00, 0.86, False","12.00, 0.85, False","12.00, 1.00, False","14.00, 1.00, False","13.00, 1.00, False","13.00, 1.00, False","12.00, 1.00, False","13.00, 1.00, True","15.00, 1.00, True","16.00, 1.00, True","15.00, 1.00, True","13.00, 1.00, True","10.00, 1.00, True",None,"14.00, 1.00, True","14.00, 1.00, True","12.00, 1.00, True","10.00, 1.00, True","12.00, 0.85, True","13.00, 0.85, True","9.00, 0.82, True","15.00, 0.73, True","11.00, 0.69, True","12.00, 0.70, True","15.00, 0.73, True","14.00, 0.60, True","12.00, 0.46, True","14.00, 0.49, True","13.00, 0.47, True","8.00, 0.38, True","7.00, 0.36, True","12.00, 0.46, True","15.00, 0.41, True","7.00, 0.26, True","9.00, 0.31, True","12.00, 0.28, True","8.00, 0.15, True","13.00, 0.13, True","11.00, 0.11, True",A
template_24,"8.00, 0.11, False","14.00, 0.24, False","9.00, 0.23, False","13.00, 0.38, False","10.00, 0.42, False","9.00, 0.40, False","12.00, 0.46, False","11.00, 0.44, False","9.00, 0.40, False","11.00, 0.56, False","13.00, 0.58, False","10.00, 0.54, False","12.00, 0.57, False","10.00, 0.68, False","10.00, 0.68, False","10.00, 0.68, False","11.00, 0.69, False","12.00, 0.70, False","12.00, 0.70, False","12.00, 0.85, False","13.00, 0.85, False","15.00, 0.86, False","5.00, 0.77, False","9.00, 0.82, False","5.00, 1.00, False","14.00, 1.00, False","9.00, 1.00, False","8.00, 1.00, False","15.00, 1.00, False","9.00, 1.00, False","14.00, 1.00, False",None,"13.00, 1.00, None","15.00, 1.00, None","8.00, 1.00, None","7.00, 1.00, True","11.00, 1.00, True","11.00, 1.00, True","10.00, 0.83, True","14.00, 0.86, True","11.00, 0.84, True","13.00, 0.85, True","11.00, 0.69, True","7.00, 0.48, True","13.00, 0.58, True","11.00, 0.56, True","6.00, 0.45, True","12.00, 0.57, True","6.00, 0.45, True","13.00, 0.47, True","12.00, 0.46, True","8.00, 0.38, True","8.00, 0.29, True","10.00, 0.25, True","10.00, 0.14, True","10.00, 0.14, True",A
template_39,"7.00, 0.09, False","13.00, 0.23, False","11.00, 0.26, False","10.00, 0.33, False","10.00, 0.42, False","7.00, 0.36, False","9.00, 0.40, False","11.00, 0.44, False","12.00, 0.46, False","11.00, 0.56, False","7.00, 0.48, False","13.00, 0.58, False","12.00, 0.57, False","12.00, 0.70, False","12.00, 0.70, False","11.00, 0.69, False","10.00, 0.68, False","7.00, 0.63, False","10.00, 0.68, False","12.00, 0.85, False","13.00, 0.85, False","9.00, 0.82, False","13.00, 0.85, False","12.00, 0.85, False","14.00, 1.00, False","10.00, 1.00, False","10.00, 1.00, False","13.00, 1.00, False","13.00, 1.00, False","15.00, 1.00, False","14.00, 1.00, False","13.00, 1.00, True",None,"11.00, 1.00, None","12.00, 1.00, None","11.00, 1.00, True","16.00, 1.00, True","10.00, 1.00, True","12.00, 0.85, True","11.00, 0.84, True","10.00, 0.83, True","9.00, 0.82, True","6.00, 0.61, True","13.00, 0.58, True","14.00, 0.60, True","9.00, 0.52, True","11.00, 0.56, True","11.00, 0.56, True","12.00, 0.57, True","12.00, 0.46, True","8.00, 0.38, True","11.00, 0.44, True","11.00, 0.34, True","10.00, 0.25, True","11.00, 0.15, True","6.00, 0.08, True",A
template_47,"8.00, 0.11, False","7.00, 0.13, False","10.00, 0.25, False","5.00, 0.21, False","5.00, 0.30, False","6.00, 0.33, False","3.00, 0.23, False","8.00, 0.38, False","12.00, 0.46, False","11.00, 0.56, False","7.00, 0.48, False","8.00, 0.50, False","11.00, 0.56, False","12.00, 0.70, False","12.00, 0.70, False","12.00, 0.70, False","7.00, 0.63, False","11.00, 0.69, False","6.00, 0.61, False","8.00, 0.81, False","7.00, 0.80, False","8.00, 0.81, False","14.00, 0.86, False","10.00, 0.83, False","16.00, 1.00, False","10.00, 1.00, False","13.00, 1.00, False","15.00, 1.00, False","9.00, 1.00, False","11.00, 1.00, False","12.00, 1.00, False","15.00, 1.00, True","11.00, 1.00, True",None,"11.00, 1.00, None","10.00, 1.00, True","16.00, 1.00, True","10.00, 1.00, True","12.00, 0.85, True","9.00, 0.82, True","8.00, 0.81, True","9.00, 0.82, True","10.00, 0.68, True","15.00, 0.61, True","11.00, 0.56, True","9.00, 0.52, True","10.00, 0.54, True","11.00, 0.56, True","12.00, 0.57, True","12.00, 0.46, True","12.00, 0.46, True","10.00, 0.42, True","12.00, 0.36, True","12.00, 0.28, True","14.00, 0.19, True","9.00, 0.12, True",A
template_14,"8.00, 0.11, False","10.00, 0.18, False","10.00, 0.25, False","11.00, 0.34, False","9.00, 0.40, False","10.00, 0.42, False","7.00, 0.36, False","10.00, 0.42, False","9.00, 0.40, False","12.00, 0.57, False","9.00, 0.52, False","10.00, 0.54, False","10.00, 0.54, False","12.00, 0.70, False","7.00, 0.63, False","10.00, 0.68, False","11.00, 0.69, False","13.00, 0.71, False","10.00, 0.68, False","11.00, 0.84, False","11.00, 0.84, False","10.00, 0.83, False","6.00, 0.79, False","7.00, 0.80, False","9.00, 1.00, False","9.00, 1.00, False","9.00, 1.00, False","9.00, 1.00, False","10.00, 1.00, False","7.00, 1.00, False","10.00, 1.00, False","8.00, 1.00, True","12.00, 1.00, True","11.00, 1.00, True",None,"9.00, 1.00, True","11.00, 1.00, True","9.00, 1.00, True","11.00, 0.84, True","11.00, 0.84, True","11.00, 0.84, True","12.00, 0.85, True","12.00, 0.70, True","8.00, 0.50, True","12.00, 0.57, True","11.00, 0.56, True","3.00, 0.34, True","10.00, 0.54, True","7.00, 0.48, True","13.00, 0.47, True","10.00, 0.42, True","6.00, 0.33, True","7.00, 0.26, True","9.00, 0.23, True","11.00, 0.15, True","9.00, 0.12, True",A
template_22,"4.00, 0.03, False","10.00, 0.14, False","7.00, 0.13, False","10.00, 0.25, False","8.00, 0.29, False","8.00, 0.29, False","8.00, 0.29, False","10.00, 0.33, False","8.00, 0.29, False","9.00, 0.40, False","11.00, 0.44, False","8.00, 0.38, False","10.00, 0.42, False","12.00, 0.57, False","9.00, 0.52, False","12.00, 0.57, False","9.00, 0.52, False","10.00, 0.54, False","8.00, 0.50, False","11.00, 0.69, False","11.00, 0.69, False","12.00, 0.70, False","7.00, 0.63, False","9.00, 0.66, False","10.00, 0.83, False","12.00, 0.85, False","8.00, 0.81, False","12.00, 0.85, False","12.00, 0.85, False","7.00, 0.80, False","12.00, 0.85, False","7.00, 1.00, False","11.00, 1.00, False","10.00, 1.00, False","9.00, 1.00, False",None,"11.00, 1.00, None","12.00, 1.00, None","9.00, 1.00, True","10.00, 1.00, True","9.00, 1.00, True","11.00, 1.00, True","11.00, 0.84, True","10.00, 0.68, True","11.00, 0.69, True","10.00, 0.68, True","8.00, 0.65, True","14.00, 0.72, True","10.00, 0.68, True","13.00, 0.58, True","12.00, 0.57, True","8.00, 0.50, True","10.00, 0.42, True","12.00, 0.36, True","11.00, 0.20, True","10.00, 0.18, True",B
template_36,"8.00, 0.08, False","10.00, 0.14, False","10.00, 0.18, False","14.00, 0.31, False","14.00, 0.39, False","13.00, 0.38, False","12.00, 0.36, False","14.00, 0.39, False","11.00, 0.34, False","14.00, 0.49, False","16.00, 0.51, False","13.00, 0.47, False","9.00, 0.40, False","12.00, 0.57, False","10.00, 0.54, False","9.00, 0.52, False","15.00, 0.61, False","14.00, 0.60, False","13.00, 0.58, False","16.00, 0.74, False","14.00, 0.72, False","14.00, 0.72, False","9.00, 0.66, False","10.00, 0.68, False","8.00, 0.81, False","15.00, 0.86, False","13.00, 0.85, False","12.00, 0.85, False","16.00, 0.86, False","11.00, 0.84, False","13.00, 0.85, False","11.00, 1.00, False","16.00, 1.00, False","16.00, 1.00, False","11.00, 1.00, False","11.00, 1.00, True",None,"12.00, 1.00, None","10.00, 1.00, True","13.00, 1.00, True","14.00, 1.00, True","15.00, 1.00, True","17.00, 0.87, True","10.00, 0.68, True","16.00, 0.74, True","13.00, 0.71, True","8.00, 0.65, True","15.00, 0.73, True","11.00, 0.69, True","16.00, 0.62, True","9.00, 0.52, True","10.00, 0.54, True","6.00, 0.33, True","11.00, 0.34, True","6.00, 0.12, True","11.00, 0.20, True",A
template_48,"7.00, 0.06, False","9.00, 0.12, False","9.00, 0.17, False","10.00, 0.25, False","10.00, 0.33, False","11.00, 0.34, False","8.00, 0.29, False","12.00, 0.36, False","7.00, 0.26, False","11.00, 0.44, False","12.00, 0.46, False","11.00, 0.44, False","4.00, 0.27, False","8.00, 0.50, False","8.00, 0.50, False","5.00, 0.42, False","13.00, 0.58, False","12.00, 0.57, False","11.00, 0.56, False","13.00, 0.71, False","12.00, 0.70, False","11.00, 0.69, False","10.00, 0.68, False","9.00, 0.66, False","10.00, 0.83, False","11.00, 0.84, False","9.00, 0.82, False","8.00, 0.81, False","12.00, 0.85, False","10.00, 0.83, False","9.00, 0.82, False","11.00, 1.00, False","10.00, 1.00, False","10.00, 1.00, False","9.00, 1.00, False","12.00, 1.00, True","12.00, 1.00, True",None,"9.00, 1.00, True","12.00, 1.00, True","11.00, 1.00, True","10.00, 1.00, True","11.00, 0.84, True","12.00, 0.70, True","13.00, 0.71, True","13.00, 0.71, True","9.00, 0.66, True","10.00, 0.68, True","10.00, 0.68, True","13.00, 0.58, True","5.00, 0.42, True","8.00, 0.50, True","9.00, 0.40, True","8.00, 0.29, True","13.00, 0.23, True","12.00, 0.22, True",A
template_50,"5.00, 0.03, False","11.00, 0.11, False","5.00, 0.06, False","11.00, 0.20, False","9.00, 0.23, False","12.00, 0.28, False","10.00, 0.25, False","10.00, 0.25, False","6.00, 0.17, False","11.00, 0.34, False","12.00, 0.36, False","11.00, 0.34, False","6.00, 0.24, False","12.00, 0.46, False","11.00, 0.44, False","9.00, 0.40, False","10.00, 0.42, False","12.00, 0.46, False","11.00, 0.44, False","12.00, 0.57, False","12.00, 0.57, False","11.00, 0.56, False","8.00, 0.50, False","11.00, 0.56, False","11.00, 0.69, False","12.00, 0.70, False","7.00, 0.63, False","8.00, 0.65, False","13.00, 0.71, False","11.00, 0.69, False","15.00, 0.73, False","10.00, 0.83, False","12.00, 0.85, False","12.00, 0.85, False","11.00, 0.84, False","9.00, 1.00, False","10.00, 1.00, False","9.00, 1.00, False",None,"13.00, 1.00, None","12.00, 1.00, None","11.00, 1.00, None","13.00, 1.00, True","12.00, 0.85, True","15.00, 0.86, True","14.00, 0.86, True","10.00, 0.83, True","14.00, 0.86, True","12.00, 0.85, True","13.00, 0.71, True","10.00, 0.68, True","10.00, 0.68, True","9.00, 0.52, True","11.00, 0.44, True","10.00, 0.25, True","13.00, 0.30, True",B
template_21,"5.00, 0.03, False","4.00, 0.03, False","9.00, 0.12, False","3.00, 0.06, False","9.00, 0.23, False","7.00, 0.19, False","4.00, 0.12, False","10.00, 0.25, False","11.00, 0.26, False","10.00, 0.33, False","9.00, 0.31, False","9.00, 0.31, False","11.00, 0.34, False","12.00, 0.46, False","11.00, 0.44, False","11.00, 0.44, False","9.00, 0.40, False","12.00, 0.46, False","7.00, 0.36, False","7.00, 0.48, False","7.00, 0.48, False","10.00, 0.54, False","12.00, 0.57, False","8.00, 0.50, False","15.00, 0.73, False","11.00, 0.69, False","10.00, 0.68, False","16.00, 0.74, False","10.00, 0.68, False","8.00, 0.65, False","11.00, 0.69, False","14.00, 0.86, False","11.00, 0.84, False","9.00, 0.82, False","11.00, 0.84, False","10.00, 1.00, False","13.00, 1.00, False","12.00, 1.00, False","13.00, 1.00, True",None,"9.00, 1.00, None","10.00, 1.00, None","15.00, 1.00, True","13.00, 0.85, True","12.00, 0.85, True","11.00, 0.84, True","11.00, 0.84, True","11.00, 0.84, True","12.00, 0.85, True","14.00, 0.72, True","11.00, 0.69, True","10.00, 0.68, True","12.00, 0.57, True","12.00, 0.46, True","13.00, 0.30, True","11.00, 0.26, True",B
template_55,"4.00, 0.02, False","10.00, 0.10, False","9.00, 0.12, False","7.00, 0.13, False","7.00, 0.19, False","8.00, 0.21, False","5.00, 0.14, False","9.00, 0.23, False","9.00, 0.23, False","7.00, 0.26, False","10.00, 0.33, False","8.00, 0.29, False","11.00, 0.34, False","14.00, 0.49, False","11.00, 0.44, False","13.00, 0.47, False","8.00, 0.38, False","9.00, 0.40, False","6.00, 0.33, False","9.00, 0.52, False","10.00, 0.54, False","9.00, 0.52, False","9.00, 0.52, False","7.00, 0.48, False","11.00, 0.69, False","11.00, 0.69, False","11.00, 0.69, False","11.00, 0.69, False","11.00, 0.69, False","11.00, 0.69, False","12.00, 0.70, False","11.00, 0.84, False","10.00, 0.83, False","8.00, 0.81, False","11.00, 0.84, False","9.00, 1.00, False","14.00, 1.00, False","11.00, 1.00, False","12.00, 1.00, True","9.00, 1.00, True",None,"7.00, 1.00, None","12.00, 1.00, True","13.00, 0.85, True","9.00, 0.82, True","11.00, 0.84, True","10.00, 0.83, True","12.00, 0.85, True","11.00, 0.84, True","16.00, 0.74, True","12.00, 0.70, True","12.00, 0.70, True","11.00, 0.56, True","10.00, 0.42, True","12.00, 0.28, True","12.00, 0.28, True",B
template_53,"3.00, 0.01, False","10.00, 0.10, False","9.00, 0.12, False","8.00, 0.15, False","6.00, 0.17, False","10.00, 0.25, False","7.00, 0.19, False","9.00, 0.23, False","8.00, 0.21, False","11.00, 0.34, False","9.00, 0.31, False","9.00, 0.31, False","10.00, 0.33, False","15.00, 0.50, False","12.00, 0.46, False","12.00, 0.46, False","7.00, 0.36, False","11.00, 0.44, False","6.00, 0.33, False","11.00, 0.56, False","12.00, 0.57, False","8.00, 0.50, False","12.00, 0.57, False","9.00, 0.52, False","12.00, 0.70, False","11.00, 0.69, False","11.00, 0.69, False","10.00, 0.68, False","12.00, 0.70, False","12.00, 0.70, False","15.00, 0.73, False","13.00, 0.85, False","9.00, 0.82, False","9.00, 0.82, False","12.00, 0.85, False","11.00, 1.00, False","15.00, 1.00, False","10.00, 1.00, False","11.00, 1.00, True","10.00, 1.00, True","7.00, 1.00, True",None,"11.00, 1.00, True","14.00, 0.86, True","13.00, 0.85, True","12.00, 0.85, True","13.00, 0.85, True","15.00, 0.86, True","13.00, 0.85, True","16.00, 0.74, True","14.00, 0.72, True","13.00, 0.71, True","14.00, 0.60, True","13.00, 0.47, True","15.00, 0.32, True","13.00, 0.30, True",B
template_41,"6.00, 0.02, False","13.00, 0.10, False","10.00, 0.10, False","11.00, 0.15, False","7.00, 0.13, False","9.00, 0.17, False","8.00, 0.15, False","9.00, 0.17, False","8.00, 0.15, False","10.00, 0.25, False","9.00, 0.23, False","10.00, 0.25, False","12.00, 0.28, False","14.00, 0.39, False","14.00, 0.39, False","12.00, 0.36, False","8.00, 0.29, False","8.00, 0.29, False","10.00, 0.33, False","12.00, 0.46, False","12.00, 0.46, False","11.00, 0.44, False","12.00, 0.46, False","12.00, 0.46, False","11.00, 0.56, False","11.00, 0.56, False","10.00, 0.54, False","9.00, 0.52, False","12.00, 0.57, False","13.00, 0.58, False","14.00, 0.60, False","11.00, 0.69, False","6.00, 0.61, False","10.00, 0.68, False","12.00, 0.70, False","11.00, 0.84, False","17.00, 0.87, False","11.00, 0.84, False","13.00, 1.00, False","15.00, 1.00, False","12.00, 1.00, False","11.00, 1.00, False",None,"14.00, 1.00, True","15.00, 1.00, True","13.00, 1.00, True","14.00, 1.00, True","16.00, 1.00, True","15.00, 1.00, True","15.00, 0.86, True","14.00, 0.86, True","14.00, 0.86, True","15.00, 0.73, True","12.00, 0.57, True","16.00, 0.42, True","10.00, 0.33, True",B
template_10,"10.00, 0.04, False","12.00, 0.07, False","7.00, 0.04, False","12.00, 0.12, False","8.00, 0.11, False","9.00, 0.12, False","11.00, 0.15, False","8.00, 0.11, False","10.00, 0.14, False","9.00, 0.17, False","13.00, 0.23, False","8.00, 0.15, False","11.00, 0.20, False","13.00, 0.30, False","9.00, 0.23, False","11.00, 0.26, False","12.00, 0.28, False","10.00, 0.25, False","9.00, 0.23, False","12.00, 0.36, False","11.00, 0.34, False","13.00, 0.38, False","5.00, 0.21, False","6.00, 0.24, False","4.00, 0.27, False","11.00, 0.44, False","8.00, 0.38, False","8.00, 0.38, False","13.00, 0.47, False","7.00, 0.36, False","12.00, 0.46, False","7.00, 0.48, False","13.00, 0.58, False","15.00, 0.61, False","8.00, 0.50, False","10.00, 0.68, False","10.00, 0.68, False","12.00, 0.70, False","12.00, 0.85, False","13.00, 0.85, False","13.00, 0.85, False","14.00, 0.86, False","14.00, 1.00, False",None,"17.00, 1.00, None","14.00, 1.00, None","10.00, 1.00, None","12.00, 1.00, None","6.00, 1.00, None","18.00, 1.00, True","15.00, 1.00, True","9.00, 1.00, True","11.00, 0.84, True","8.00, 0.65, True","11.00, 0.44, True","15.00, 0.50, True",B
template_27,"3.00, 0.00, False","10.00, 0.05, False","12.00, 0.09, False","8.00, 0.08, False","9.00, 0.12, False","8.00, 0.11, False","10.00, 0.14, False","8.00, 0.11, False","11.00, 0.15, False","5.00, 0.10, False","10.00, 0.18, False","8.00, 0.15, False","12.00, 0.22, False","15.00, 0.32, False","11.00, 0.26, False","14.00, 0.31, False","10.00, 0.25, False","10.00, 0.25, False","9.00, 0.23, False","10.00, 0.33, False","10.00, 0.33, False","10.00, 0.33, False","9.00, 0.31, False","9.00, 0.31, False","14.00, 0.49, False","13.00, 0.47, False","12.00, 0.46, False","13.00, 0.47, False","6.00, 0.33, False","12.00, 0.46, False","14.00, 0.49, False","13.00, 0.58, False","14.00, 0.60, False","11.00, 0.56, False","12.00, 0.57, False","11.00, 0.69, False","16.00, 0.74, False","13.00, 0.71, False","15.00, 0.86, False","12.00, 0.85, False","9.00, 0.82, False","13.00, 0.85, False","15.00, 1.00, False","17.00, 1.00, True",None,"10.00, 1.00, None","14.00, 1.00, None","17.00, 1.00, None","12.00, 1.00, None","13.00, 1.00, True","16.00, 1.00, True","15.00, 1.00, True","13.00, 0.85, True","13.00, 0.71, True","13.00, 0.47, True","14.00, 0.49, True",B
template_1,"5.00, 0.01, False","10.00, 0.05, False","10.00, 0.07, False","8.00, 0.08, False","6.00, 0.08, False","4.00, 0.05, False","9.00, 0.12, False","5.00, 0.06, False","11.00, 0.15, False","7.00, 0.13, False","6.00, 0.12, False","6.00, 0.12, False","12.00, 0.22, False","14.00, 0.31, False","10.00, 0.25, False","11.00, 0.26, False","9.00, 0.23, False","6.00, 0.17, False","7.00, 0.19, False","8.00, 0.29, False","9.00, 0.31, False","10.00, 0.33, False","11.00, 0.34, False","9.00, 0.31, False","12.00, 0.46, False","9.00, 0.40, False","11.00, 0.44, False","13.00, 0.47, False","8.00, 0.38, False","12.00, 0.46, False","13.00, 0.47, False","11.00, 0.56, False","9.00, 0.52, False","9.00, 0.52, False","11.00, 0.56, False","10.00, 0.68, False","13.00, 0.71, False","13.00, 0.71, False","14.00, 0.86, False","11.00, 0.84, False","11.00, 0.84, False","12.00, 0.85, False","13.00, 1.00, False","14.00, 1.00, True","10.00, 1.00, True",None,"12.00, 1.00, None","14.00, 1.00, None","12.00, 1.00, None","13.00, 1.00, True","14.00, 1.00, True","13.00, 1.00, True","14.00, 0.86, True","12.00, 0.70, True","14.00, 0.49, True","11.00, 0.44, True",B
template_0,"7.00, 0.02, False","8.00, 0.04, False","7.00, 0.04, False","11.00, 0.11, False","7.00, 0.09, False","9.00, 0.12, False","8.00, 0.11, False","7.00, 0.09, False","8.00, 0.11, False","9.00, 0.17, False","10.00, 0.18, False","7.00, 0.13, False","10.00, 0.18, False","8.00, 0.21, False","6.00, 0.17, False","8.00, 0.21, False","8.00, 0.21, False","12.00, 0.28, False","6.00, 0.17, False","10.00, 0.33, False","10.00, 0.33, False","9.00, 0.31, False","4.00, 0.18, False","4.00, 0.18, False","6.00, 0.33, False","9.00, 0.40, False","8.00, 0.38, False","7.00, 0.36, False","9.00, 0.40, False","6.00, 0.33, False","8.00, 0.38, False","6.00, 0.45, False","11.00, 0.56, False","10.00, 0.54, False","3.00, 0.34, False","8.00, 0.65, False","8.00, 0.65, False","9.00, 0.66, False","10.00, 0.83, False","11.00, 0.84, False","10.00, 0.83, False","13.00, 0.85, False","14.00, 1.00, False","10.00, 1.00, True","14.00, 1.00, True","12.00, 1.00, True",None,"10.00, 1.00, None","9.00, 1.00, None","13.00, 1.00, True","11.00, 1.00, True","6.00, 1.00, True","8.00, 0.81, True","9.00, 0.66, True","10.00, 0.42, True","8.00, 0.38, True",B
template_6,"9.00, 0.03, False","10.00, 0.05, False","7.00, 0.04, False","10.00, 0.10, False","7.00, 0.09, False","7.00, 0.09, False","9.00, 0.12, False","9.00, 0.12, False","13.00, 0.18, False","10.00, 0.18, False","13.00, 0.23, False","9.00, 0.17, False","10.00, 0.18, False","7.00, 0.19, False","9.00, 0.23, False","12.00, 0.28, False","10.00, 0.25, False","12.00, 0.28, False","9.00, 0.23, False","10.00, 0.33, False","10.00, 0.33, False","13.00, 0.38, False","11.00, 0.34, False","7.00, 0.26, False","13.00, 0.47, False","14.00, 0.49, False","12.00, 0.46, False","12.00, 0.46, False","10.00, 0.42, False","8.00, 0.38, False","7.00, 0.36, False","12.00, 0.57, False","11.00, 0.56, False","11.00, 0.56, False","10.00, 0.54, False","14.00, 0.72, False","15.00, 0.73, False","10.00, 0.68, False","14.00, 0.86, False","11.00, 0.84, False","12.00, 0.85, False","15.00, 0.86, False","16.00, 1.00, False","12.00, 1.00, True","17.00, 1.00, True","14.00, 1.00, True","10.00, 1.00, True",None,"14.00, 1.00, None","16.00, 1.00, True","11.00, 1.00, True","10.00, 1.00, True","13.00, 0.85, True","9.00, 0.66, True","15.00, 0.50, True","13.00, 0.47, True",B
template_12,"7.00, 0.02, False","10.00, 0.05, False","7.00, 0.04, False","10.00, 0.10, False","6.00, 0.08, False","7.00, 0.09, False","9.00, 0.12, False","6.00, 0.08, False","9.00, 0.12, False","6.00, 0.12, False","11.00, 0.20, False","5.00, 0.10, False","11.00, 0.20, False","10.00, 0.25, False","7.00, 0.19, False","8.00, 0.21, False","10.00, 0.25, False","8.00, 0.21, False","7.00, 0.19, False","9.00, 0.31, False","9.00, 0.31, False","10.00, 0.33, False","4.00, 0.18, False","4.00, 0.18, False","5.00, 0.30, False","10.00, 0.42, False","10.00, 0.42, False","8.00, 0.38, False","9.00, 0.40, False","8.00, 0.38, False","12.00, 0.46, False","6.00, 0.45, False","12.00, 0.57, False","12.00, 0.57, False","7.00, 0.48, False","10.00, 0.68, False","11.00, 0.69, False","10.00, 0.68, False","12.00, 0.85, False","12.00, 0.85, False","11.00, 0.84, False","13.00, 0.85, False","15.00, 1.00, False","6.00, 1.00, True","12.00, 1.00, True","12.00, 1.00, True","9.00, 1.00, True","14.00, 1.00, True",None,"15.00, 1.00, True","13.00, 1.00, True","9.00, 1.00, True","12.00, 0.85, True","8.00, 0.65, True","12.00, 0.46, True","14.00, 0.49, True",B
template_31,"8.00, 0.02, False","10.00, 0.04, False","11.00, 0.06, False","11.00, 0.08, False","10.00, 0.10, False","10.00, 0.10, False","12.00, 0.12, False","8.00, 0.08, False","11.00, 0.11, False","12.00, 0.16, False","9.00, 0.12, False","11.00, 0.15, False","14.00, 0.19, False","12.00, 0.22, False","14.00, 0.24, False","12.00, 0.22, False","11.00, 0.20, False","11.00, 0.20, False","12.00, 0.22, False","9.00, 0.23, False","10.00, 0.25, False","9.00, 0.23, False","10.00, 0.25, False","12.00, 0.28, False","15.00, 0.41, False","12.00, 0.36, False","12.00, 0.36, False","13.00, 0.38, False","10.00, 0.33, False","12.00, 0.36, False","15.00, 0.41, False","13.00, 0.47, False","12.00, 0.46, False","12.00, 0.46, False","13.00, 0.47, False","13.00, 0.58, False","16.00, 0.62, False","13.00, 0.58, False","13.00, 0.71, False","14.00, 0.72, False","16.00, 0.74, False","16.00, 0.74, False","15.00, 0.86, False","18.00, 1.00, False","13.00, 1.00, False","13.00, 1.00, False","13.00, 1.00, False","16.00, 1.00, False","15.00, 1.00, False",None,"15.00, 1.00, None","15.00, 1.00, None","15.00, 1.00, True","15.00, 0.86, True","15.00, 0.61, True","8.00, 0.50, True",B
template_34,"6.00, 0.01, False","7.00, 0.02, False","8.00, 0.04, False","9.00, 0.06, False","10.00, 0.10, False","9.00, 0.09, False","8.00, 0.08, False","11.00, 0.11, False","10.00, 0.10, False","11.00, 0.15, False","10.00, 0.14, False","10.00, 0.14, False","7.00, 0.09, False","6.00, 0.12, False","6.00, 0.12, False","1.00, 0.02, False","12.00, 0.22, False","12.00, 0.22, False","12.00, 0.22, False","12.00, 0.28, False","11.00, 0.26, False","11.00, 0.26, False","10.00, 0.25, False","9.00, 0.23, False","10.00, 0.33, False","12.00, 0.36, False","11.00, 0.34, False","11.00, 0.34, False","11.00, 0.34, False","11.00, 0.34, False","7.00, 0.26, False","12.00, 0.46, False","8.00, 0.38, False","12.00, 0.46, False","10.00, 0.42, False","12.00, 0.57, False","9.00, 0.52, False","5.00, 0.42, False","10.00, 0.68, False","11.00, 0.69, False","12.00, 0.70, False","14.00, 0.72, False","14.00, 0.86, False","15.00, 1.00, False","16.00, 1.00, False","14.00, 1.00, False","11.00, 1.00, False","11.00, 1.00, False","13.00, 1.00, False","15.00, 1.00, True",None,"12.00, 1.00, None","12.00, 1.00, True","12.00, 0.85, True","12.00, 0.57, True","12.00, 0.57, True",B
template_8,"6.00, 0.01, False","9.00, 0.03, False","6.00, 0.02, False","11.00, 0.08, False","8.00, 0.08, False","8.00, 0.08, False","7.00, 0.06, False","8.00, 0.08, False","10.00, 0.10, False","9.00, 0.12, False","11.00, 0.15, False","9.00, 0.12, False","8.00, 0.11, False","9.00, 0.17, False","7.00, 0.13, False","8.00, 0.15, False","9.00, 0.17, False","12.00, 0.22, False","8.00, 0.15, False","9.00, 0.23, False","9.00, 0.23, False","10.00, 0.25, False","7.00, 0.19, False","6.00, 0.17, False","8.00, 0.29, False","10.00, 0.33, False","9.00, 0.31, False","10.00, 0.33, False","8.00, 0.29, False","6.00, 0.24, False","9.00, 0.31, False","8.00, 0.38, False","11.00, 0.44, False","10.00, 0.42, False","6.00, 0.33, False","8.00, 0.50, False","10.00, 0.54, False","8.00, 0.50, False","10.00, 0.68, False","10.00, 0.68, False","12.00, 0.70, False","13.00, 0.71, False","14.00, 0.86, False","9.00, 1.00, False","15.00, 1.00, False","13.00, 1.00, False","6.00, 1.00, False","10.00, 1.00, False","9.00, 1.00, False","15.00, 1.00, True","12.00, 1.00, True",None,"12.00, 1.00, True","6.00, 0.79, True","13.00, 0.58, True","12.00, 0.57, True",B
template_38,"8.00, 0.01, False","9.00, 0.02, False","9.00, 0.03, False","11.00, 0.06, False","12.00, 0.09, False","10.00, 0.07, False","11.00, 0.08, False","11.00, 0.08, False","9.00, 0.06, False","11.00, 0.11, False","11.00, 0.11, False","11.00, 0.11, False","8.00, 0.08, False","10.00, 0.14, False","10.00, 0.14, False","8.00, 0.11, False","14.00, 0.19, False","11.00, 0.15, False","12.00, 0.16, False","13.00, 0.23, False","9.00, 0.17, False","10.00, 0.18, False","5.00, 0.10, False","9.00, 0.17, False","9.00, 0.23, False","11.00, 0.26, False","9.00, 0.23, False","8.00, 0.21, False","15.00, 0.32, False","9.00, 0.23, False","12.00, 0.28, False","8.00, 0.29, False","11.00, 0.34, False","12.00, 0.36, False","7.00, 0.26, False","10.00, 0.42, False","6.00, 0.33, False","9.00, 0.40, False","9.00, 0.52, False","12.00, 0.57, False","11.00, 0.56, False","14.00, 0.60, False","15.00, 0.73, False","11.00, 0.84, False","13.00, 0.85, False","14.00, 0.86, False","8.00, 0.81, False","13.00, 0.85, False","12.00, 0.85, False","15.00, 1.00, False","12.00, 1.00, False","12.00, 1.00, False",None,"13.00, 1.00, True","6.00, 0.61, True","13.00, 0.71, True",B
template_4,"7.00, 0.01, False","10.00, 0.02, False","8.00, 0.02, False","11.00, 0.04, False","7.00, 0.03, False","8.00, 0.04, False","9.00, 0.04, False","8.00, 0.04, False","11.00, 0.06, False","8.00, 0.05, False","10.00, 0.07, False","9.00, 0.06, False","8.00, 0.05, False","8.00, 0.08, False","6.00, 0.05, False","8.00, 0.08, False","11.00, 0.11, False","9.00, 0.09, False","9.00, 0.09, False","9.00, 0.12, False","10.00, 0.14, False","10.00, 0.14, False","6.00, 0.08, False","6.00, 0.08, False","8.00, 0.15, False","9.00, 0.17, False","11.00, 0.20, False","9.00, 0.17, False","10.00, 0.18, False","9.00, 0.17, False","8.00, 0.15, False","10.00, 0.25, False","10.00, 0.25, False","12.00, 0.28, False","9.00, 0.23, False","12.00, 0.36, False","11.00, 0.34, False","8.00, 0.29, False","11.00, 0.44, False","12.00, 0.46, False","10.00, 0.42, False","13.00, 0.47, False","12.00, 0.57, False","8.00, 0.65, False","13.00, 0.71, False","12.00, 0.70, False","9.00, 0.66, False","9.00, 0.66, False","8.00, 0.65, False","15.00, 0.86, False","12.00, 0.85, False","6.00, 0.79, False","13.00, 1.00, False",None,"14.00, 0.86, True","17.00, 0.87, True",B
template_28,"7.00, 0.00, False","9.00, 0.01, False","10.00, 0.01, False","11.00, 0.02, False","13.00, 0.04, False","10.00, 0.02, False","12.00, 0.03, False","11.00, 0.03, False","12.00, 0.03, False","10.00, 0.04, False","10.00, 0.04, False","11.00, 0.04, False","11.00, 0.04, False","11.00, 0.06, False","11.00, 0.06, False","9.00, 0.04, False","12.00, 0.07, False","11.00, 0.06, False","14.00, 0.08, False","11.00, 0.08, False","10.00, 0.07, False","9.00, 0.06, False","7.00, 0.04, False","11.00, 0.08, False","7.00, 0.06, False","10.00, 0.10, False","11.00, 0.11, False","12.00, 0.12, False","12.00, 0.12, False","12.00, 0.12, False","13.00, 0.13, False","10.00, 0.14, False","11.00, 0.15, False","14.00, 0.19, False","11.00, 0.15, False","11.00, 0.20, False","6.00, 0.12, False","13.00, 0.23, False","10.00, 0.25, False","13.00, 0.30, False","12.00, 0.28, False","15.00, 0.32, False","16.00, 0.42, False","11.00, 0.44, False","13.00, 0.47, False","14.00, 0.49, False","10.00, 0.42, False","15.00, 0.50, False","12.00, 0.46, False","15.00, 0.61, False","12.00, 0.57, False","13.00, 0.58, False","6.00, 0.61, False","14.00, 0.86, False",None,"14.00, 1.00, None",B
template_37,"7.00, 0.00, False","10.00, 0.01, False","10.00, 0.01, False","9.00, 0.01, False","8.00, 0.02, False","7.00, 0.01, False","8.00, 0.02, False","5.00, 0.01, False","12.00, 0.03, False","10.00, 0.04, False","5.00, 0.01, False","9.00, 0.03, False","15.00, 0.07, False","10.00, 0.05, False","10.00, 0.05, False","10.00, 0.05, False","8.00, 0.04, False","7.00, 0.03, False","7.00, 0.03, False","8.00, 0.05, False","10.00, 0.07, False","6.00, 0.03, False","9.00, 0.06, False","11.00, 0.08, False","12.00, 0.12, False","9.00, 0.09, False","11.00, 0.11, False","13.00, 0.13, False","10.00, 0.10, False","10.00, 0.10, False","11.00, 0.11, False","10.00, 0.14, False","6.00, 0.08, False","9.00, 0.12, False","9.00, 0.12, False","10.00, 0.18, False","11.00, 0.20, False","12.00, 0.22, False","13.00, 0.30, False","11.00, 0.26, False","12.00, 0.28, False","13.00, 0.30, False","10.00, 0.33, False","15.00, 0.50, False","14.00, 0.49, False","11.00, 0.44, False","8.00, 0.38, False","13.00, 0.47, False","14.00, 0.49, False","8.00, 0.50, False","12.00, 0.57, False","12.00, 0.57, False","13.00, 0.71, False","17.00, 0.87, False","14.00, 1.00, True",None,B
